מספר_עמוד_בלובי,URL,שם המלגה,תוכן_נקי_JSON
1,https://www.bgu.ac.il/welcome/ba/scholarship-lobby/deanscholarship/,מלגת דיקן הסטודנטים,"{""שם_המלגה"": ""מלגת דיקן הסטודנטים"", ""תיאור_כללי"": ""האוניברסיטה משתדלת לסייע לסטודנטים לתואר ראשון הזקוקים לעזרה כספית בכיסוי שכר הלימוד. המלגות מחולקות על בסיס כלכלי בעיקר, ומטרתן לסייע לסטודנטים הלומדים באוניברסיטת בן-גוריון בנגב בלבד. הסיוע ניתן באמצעות מלגה או הלוואה."", ""קהל_יעד"": ""סטודנטים וסטודנטיות לתואר ראשון באוניברסיטת בן-גוריון בנגב. כולל סטודנטים בשנות לימוד תקניות, סטודנטים במעמד שלא לתואר, לומדים לתעודת הוראה וסטודנטים בשנה הרביעית ברצף בפקולטות למדעי הטבע, הרוח והחברה (וכן במסלול חשבונאות במחלקה לכלכלה). המלגה מיועדת גם לסטודנטים הלומדים חצי מערכת ומעלה בכל סמסטר, לסטודנטים נשואים (ששניהם לומדים ב-BGU) וכוללת מלגות ייעודיות לספורטאים מצטיינים, לסטודנטים עם מוגבלויות פיזיות ולסטודנטים המצטיינים בפעילות חברתית התנדבותית."", ""תנאי_זכאות"": ""המלגה מוענקת על בסיס כלכלי, לסטודנטים הלומדים באוניברסיטת בן-גוריון בנגב בלבד, ובשנות לימוד תקניות (למעט המצוינים בקהל היעד). תנאי נוסף הוא לימודים בהיקף של חצי מערכת ומעלה בכל סמסטר. קריטריונים מפורטים בטופס הבקשה. המלגה תבוטל או תקוזז במקרים של הפסקת לימודים, מימון שכר לימוד על ידי גורם חיצוני אחר, אי-דיווח על קבלת מלגה חיצונית (מעבר לסך כולל של 20,000 ש\""ח יקוזז), שינויים במצב האישי/כלכלי, מסירת פרטים כוזבים או אי-עדכון פרטים. אי-ביצוע הפעילות החברתית או מטלות התורמים יוביל לביטול רטרואקטיבי של המלגה."", ""סכום_המלגה"": ""גובה המלגה נקבע על פי המפורט בהודעת הזכאות. סטודנטים הלומדים מערכת חלקית (לא פחות מחצי מערכת) יקבלו מלגה יחסית למערכת השעות. סך כל המלגות (כולל חיצוניות) יקוזז מעבר לסך כולל של 20,000 ש\""ח."", ""תאריכי_הרשמה"": ""רישום פתוח עד 18/10/2026. מועדי הגשת הבקשות: סטודנטים ותיקים - עד 30.9.2026. מתקבלים חדשים - עד 18.10.2026. מועדים לפעילות חברתית: יש להשיב הפניה ממקום התנדבות עד 28.2.2026. יש להציג אישור סיום פעילות עד 31.7.2026."", ""התחייבויות"": ""סטודנטים המקבלים מלגה חייבים לבצע פעילות חברתית התנדבותית בקהילה, למעט סטודנטים שנה א' באוניברסיטה, נשואים עם ילדים, סטודנטים מהמחלקה למעורבות חברתית, ומקבלי מלגה מקרנות ROZMAN, Shwartz, BBK. התחלת הפעילות בסמסטר א', ויש לבחור מקום פעילות מאושר באתר. השתתפות בפר\""ח באוניברסיטה מוכרת כפעילות. בנוסף, חובה לבצע מטלות עבור התורמים הכוללות כתיבת מכתב תודה (בעברית ובאנגלית ושליחתו למייל scholarships@bgu.ac.il), השתתפות בטקס הענקת מלגות, פגישה אישית עם התורם והיענות לפניות מטעם האוניברסיטה בנושא הסיוע. אי ביצוע המטלות מהווה ויתור על המלגה.""}"
1,https://www.bgu.ac.il/welcome/ba/scholarship-lobby/high-edu-first-gen-schol/,"""ראשונים לתואר״: תוכנית לתמיכה בסטודנטים וסטודנטיות דור ראשון להשכלה גבוהה","{""שם_המלגה"": ""ראשונים לתואר״: תוכנית לתמיכה בסטודנטים וסטודנטיות דור ראשון להשכלה גבוהה"", ""תיאור_כללי"": ""תוכנית לתמיכה בסטודנטים וסטודנטיות דור ראשון להשכלה גבוהה באוניברסיטת בן-גוריון בנגב, המעניקה מלגות שכר לימוד וליווי אקדמי וחברתי. התכנית מיועדת לסטודנטים וסטודנטיות חדשים, הלומדים לתואר ראשון בתחומי מדעי הרוח, החברה, סיעוד וניהול."", ""קהל_יעד"": ""סטודנטים וסטודנטיות חדשים לתואר ראשון שהם דור ראשון להשכלה גבוהה (לאף אחד מהוריהם אין תואר אקדמי), המשרתים או שירתו שירות צבאי או לאומי מלא (עד 5 שנים מתום השירות), ומגיעים מיישובי הפריפריה הגאוגרפית/חברתית (עם עדיפות לתושבי הנגב)."", ""תנאי_זכאות"": [""דור ראשון לאקדמיה (לאף אחד מהוריהם אין תואר אקדמי)."", ""לומדים/ילמדו לתואר ראשון בתחומי מדעי הרוח, החברה, סיעוד וניהול בלבד."", ""שירתו שירות צבאי או לאומי מלא, ועד 5 שנים ממועד תום שירות החובה שלהם."", ""מגיעים מיישובי הפריפריה הגאוגרפית/חברתית (עם עדיפות לתושבי הנגב)."", ""סטודנטים וסטודנטיות חדשים בלבד, ללא רקע אקדמי קודם."", ""אין כפל מלגות - מי שמקבל מלגה ממקור אחר לא יהיה זכאי למלגה זו."", ""התוכנית איננה מיועדת למועמדים שבעבר קיבלו את מלגת קרן גרוס בתוכניות שונות."", ""תנאי קבלה ייחודיים לתכנית: מועמדים שיגישו בקשה ל'ראויים לקידום' ויקבלו ציון של 30 ומעלה יוכרו כראויים לקידום. מועמדים שאינם עומדים בתנאים אלה, מועמדותם תישקל עם תוספת נקודות: 100 נקודות לערך הפסיכומטרי (עד 800), עד 17 נקודות לכל פרק בפסיכומטרי לחישוב סכם כמותי (עד 150), או 10 נקודות לממוצע הבגרות. ללימודי סיעוד נדרש ציון מינימלי של 500 ומעלה בפסיכומטרי ללא תוספת נקודות. בכל מקרה, על המועמדים לעמוד בשאר דרישות המחלקה הנוספות (רמה במתמטיקה, אנגלית/עברית וכיו\""ב)."", ""ועדת הבחירה תיתן עדיפות גם על פי שיקולים סוציו-אקונומיים (צורך כלכלי).""], ""סכום_המלגה"": ""עד 40 מלגות שכר לימוד, בגובה 10,000 ש\""ח בשנה, למשך 3 שנות לימוד. בנוסף למלגה, לסטודנטים בתכנית יהיה ליווי אישי וקבוצתי אקדמי וחברתי מדיקנאט הסטודנטים."", ""תאריכי_הרשמה"": ""רישום פתוח עד 01/08/2026. ההרשמה פתוחה עד למילוי מכסת המתקבלים, ולכן מומלץ להקדים ולהגיש בקשה."", ""התחייבויות"": ""לא צוין.""}"
1,https://www.bgu.ac.il/welcome/ba/scholarship-lobby/reserve-housing/,מלגת מעונות למשרתי ומשרתות מילואים במלחמת חרבות ברזל,"{""שם_המלגה"": ""מלגת מעונות למשרתי ומשרתות מילואים במלחמת חרבות ברזל"", ""תיאור_כללי"": ""אוניברסיטת בן-גוריון בנגב מעניקה מלגת מעונות ייעודית לסטודנטים וסטודנטיות ששירתו ומשרתים במלחמת 'חרבות ברזל', המעניקה הנחה משמעותית על דיור במעונות החדשים בכפר הסטודנטים."", ""קהל_יעד"": ""סטודנטים וסטודנטיות לתואר ראשון בשנת הלימודים תשפ\""ו, ששירתו במילואים או בסדיר במלחמת 'חרבות ברזל', המתגוררים בכפר הסטודנטים."", ""תנאי_זכאות"": ""שירות מילואים פעיל כהגדרתו בחוק, או סיום שירות סדיר בצבא החל מחודש אוקטובר 2023; העברת אישור על שירות מילואים פעיל; חתימה על חוזה מגורים בכפר הסטודנטים; קבלה ללימודי תואר ראשון בשנת הלימודים תשפ\""ו; תשלום מקדמת שכר לימוד לאוניברסיטה; ההטבה חלה על מתחם המגורים \""כפר הסטודנטים\"" בלבד; שמירה על סטטוס סטודנט פעיל במהלך השנה; ההטבה תינתן ל-100 הנרשמים הראשונים למגורים על בסיס כל הקודם זוכה."", ""סכום_המלגה"": ""5,400₪ שנתית, המהווה הנחה של 30% על דיור ממוצע בכפר הסטודנטים."", ""תאריכי_הרשמה"": ""אין תאריכי פתיחה וסגירה ספציפיים; ההטבה תינתן ל-100 הנרשמים הראשונים למגורים."", ""התחייבויות"": ""חתימה על חוזה מגורים בכפר הסטודנטים ושמירה על סטטוס סטודנט פעיל לאורך השנה. אין דרישה להתנדבות או לשעות פעילות קהילתית.""}"
1,https://www.bgu.ac.il/welcome/ba/scholarship-lobby/moshal-scholarships/,תוכנית מושל,"{""שם_המלגה"": ""תוכנית מושל"", ""תיאור_כללי"": ""תוכנית מושל מיועדת לסטודנטים לתואר ראשון, המגיעים מרקע סוציו-אקונומי מאתגר ומעוניינים לחולל שינוי משמעותי בחייהם באמצעות השכלה גבוהה. התוכנית מספקת מעטפת הוליסטית הכוללת מימון, ליווי אישי, מקצועי והכשרה מעשית, המאפשרת להם להשלים את לימודיהם האקדמיים במקצועות בעלי ביקוש והשתכרות גבוהים ומבטיחה שיוכלו להצטיין בסביבת העבודה המאתגרת והתובענית של המאה ה-21."", ""קהל_יעד"": ""סטודנטים לתואר ראשון, המגיעים מרקע סוציו-אקונומי מאתגר ובעלי מוטיבציה ונחישות יוצאת דופן."", ""תנאי_זכאות"": ""הרישום לקרן מושל מותנה בהגשת בקשה למלגת דיקן."", ""סכום_המלגה"": ""התוכנית כוללת מימון (סכום מדויק לא צוין)."", ""תאריכי_הרשמה"": ""רישום סגור."", ""התחייבויות"": ""לא צוינו התחייבויות ספציפיות כמו שעות פר\""ח.""}"
1,https://www.bgu.ac.il/welcome/ba/scholarship-lobby/isef/,קרן אייסף,"{""שם_המלגה"": ""קרן אייסף"", ""תיאור_כללי"": ""הקרן הבינלאומית לחינוך, הפועלת החל משנת 1977 לצמצם את הפערים החברתיים והכלכליים של מדינת ישראל באמצעות השכלה גבוהה לסטודנטים מבטיחים מרקע מוחלש. הארגון פועל לפיתוח מודעות ועשייה חברתית מתוך מקום יודע, ערכי וזהותי. אייסף הוא ארגון ציוני ורואה במחויבות המלגאים לקיומה של ישראל כמדינה יהודית ודמוקרטית ערך מפתח."", ""קהל_יעד"": ""סטודנטים מבטיחים לתואר ראשון, שני ודוקטורט, המגיעים מהפריפריה הכלכלית-החברתית-גיאוגרפית של ישראל, שהם דור ראשון להשכלה אקדמית. בוגרי ובוגרות שירות צבאי ולאומי."", ""תנאי_זכאות"": ""שימת דגש על מצב סוציו-אקונומי, פוטנציאל אקדמי ומעורבות חברתית. הרישום לקרן מותנה בהגשת בקשה למלגת דיקן."", ""סכום_המלגה"": """", ""תאריכי_הרשמה"": ""ההרשמה לשנת הלימודים תשפ\""ו נפתחה ב-3 ביוני 2025."", ""התחייבויות"": ""פיתוח מודעות ועשייה חברתית, ומחויבות לקיומה של ישראל כמדינה יהודית ודמוקרטית.""}"
1,https://www.bgu.ac.il/welcome/ba/scholarship-lobby/impact/,מלגת IMPACT,"{""שם_המלגה"": ""מלגת IMPACT"", ""תיאור_כללי"": ""מלגה המיועדת לחיילים משוחררים מהמערך הלוחם, המקדמת מנהיגות בקרב בוגרי.ות שירות צבאי ולאומי, וניתנת על בסיס מצב סוציו-אקונומי."", ""קהל_יעד"": ""חיילים משוחררים מהמערך הלוחם; בוגרי.ות שירות צבאי ולאומי"", ""תנאי_זכאות"": ""בעלי תעודת שחרור בצבע זהב או כסף; על בסיס מצב סוציו-אקונומי"", ""סכום_המלגה"": ""5,000 $ לכל שנת לימוד ועד 4 שנים"", ""תאריכי_הרשמה"": ""נפתחת ב-1/3 בכל שנה ונסגרת ב-31/6"", ""התחייבויות"": """"}"
1,https://www.bgu.ac.il/welcome/ba/scholarship-lobby/schulich-scholarship/,מלגת מנהיגי שוליך,"{""שם_המלגה"": ""מלגת מנהיגי שוליך"", ""תיאור_כללי"": ""מלגת שוליך מחפשת צעירים וצעירות בעלי מודעות חברתית אשר רואים עצמם כחלק ממנהיגי העתיד של ישראל. מנהיגים, אשר מלבד הרצון ללמוד ולצמוח ברמה האישית, רוצים גם לתת חזרה ולפעול לשיפור וקידום החברה בישראל."", ""קהל_יעד"": ""מועמדות ומועמדים הצפויים להתחיל את שנת לימודיהם הראשונה בשנה”ל תשפ\""ז (2026-2027) והתקבלו לתואר ראשון בפקולטה למדעי ההנדסה או בפקולטה למדעי המחשב והמידע ע\""ש שטיין."", ""תנאי_זכאות"": [""ציוני בגרות ופסיכומטרי מעל סף הקבלה למקצוע הנבחר."", ""צורך כלכלי."", ""בוגר או בוגרת של תוכנית מנהיגות/יזמות/מצוינות, רקע פיקודי בצבא, שנת שירות/מכינה קדם צבאית."", ""המועמדים והמועמדות צריכים להחזיק בדרכון ישראלי.""], ""סכום_המלגה"": ""40,000 ₪ לשנת לימודים."", ""תאריכי_הרשמה"": ""רישום פתוח עד 30/06/2026"", ""התחייבויות"": ""המלגאים ישתתפו בתוכנית העשרה במהלך השנה הכוללת מספר מפגשים.""}"
1,https://www.bgu.ac.il/welcome/ba/scholarship-lobby/rosman/,מלגת  Rosman,"{""שם_המלגה"": ""מלגת Rosman"", ""תיאור_כללי"": ""מלגה סוציו-אקונומית המיועדת לסטודנטים לתואר ראשון במקצועות ההנדסה והמדעים."", ""קהל_יעד"": ""סטודנטים הלומדים תואר ראשון במקצועות ההנדסה והמדעים."", ""תנאי_זכאות"": ""בעלי שירות צבאי חובה. מגיעים מרקע סוציו-אקונומי מאתגר."", ""סכום_המלגה"": ""מימון שכר לימוד מלא, מעונות ומלגת מחייה באותה שנת הגשת הבקשה."", ""תאריכי_הרשמה"": ""פתוח עד 15/08/2026."", ""התחייבויות"": ""לא צוין.""}"
1,https://www.bgu.ac.il/welcome/ba/scholarship-lobby/schwarz/,מלגת Schwarz,"{""שם_המלגה"": ""מלגת Schwarz"", ""תיאור_כללי"": ""מלגה המיועדת לסטודנטים לתואר ראשון במקצועות ההנדסה, המגיעים מרקע סוציו-אקונומי מאתגר. המלגה מממנת שכ\""ל מלא, מעונות ומלגת מחייה."", ""קהל_יעד"": ""סטודנטים הלומדים תואר ראשון במקצועות ההנדסה."", ""תנאי_זכאות"": ""הגעה מרקע סוציו-אקונומי מאתגר. מדור סיוע כלכלי יצור קשר עם הסטודנטים שימצאו מתאימים, לאחר מילוי טופס הבקשה המקוון."", ""סכום_המלגה"": ""שכ\""ל מלא + מעונות + מלגת מחייה לאורך כל שנות הלימודים (ועד 4 שנים)."", ""תאריכי_הרשמה"": ""הרישום פתוח לסטודנטים חדשים עד 15/08/2026."", ""התחייבויות"": ""לא צוין.""}"
1,https://www.bgu.ac.il/welcome/ba/scholarship-lobby/bbk-scholarship/,מלגת BBK - תוכנית לתמיכה בסטודנטים וסטודנטיות דור ראשון להשכלה גבוהה,"{""שם_המלגה"": ""מלגת BBK - תוכנית לתמיכה בסטודנטים וסטודנטיות דור ראשון להשכלה גבוהה"", ""תיאור_כללי"": ""אוניברסיטת בן-גוריון בנגב פותחת תכנית מלגות לתמיכה בסטודנטים וסטודנטיות דור ראשון להשכלה גבוהה, במסגרתה יוענקו עד 12 מלגות שכר לימוד מלא, לשנות לימוד נורמטיביות לתואר ראשון. בנוסף למלגה, יקבלו הסטודנטים ליווי אישי, קבוצתי, אקדמי וחברתי מדיקנאט הסטודנטים."", ""קהל_יעד"": ""סטודנטים וסטודנטיות חדשים, דור ראשון לאקדמיה (שאף אחד מהוריהם אינו בעל תואר אקדמי), שיתחילו לימודי תואר ראשון בשנת הלימודים תשפ\""ז באוניברסיטת בן-גוריון בנגב. מועמדים ששירתו שירות צבאי או לאומי מלא (ועד 7 שנים מתום שירות החובה שלהם) ומגיעים מיישובי הפריפריה הגאוגרפית/חברתית (עם עדיפות לתושבי הנגב)."", ""תנאי_זכאות"": ""אין כפל מלגות – מי שמקבל מלגה ממקור אחר לא יהיה זכאי למלגה זו. התוכנית מיועדת למי שיירשמו, יתקבלו ויתחילו לימודיהם לתואר ראשון באוניברסיטת בן-גוריון בנגב בשנת תשפ\""ז. הועדה לבחירת המועמדים תיתן עדיפות על פי שיקולים סוציו-אקונומיים (צורך כלכלי). הרישום מותנה בהגשת בקשה מקוונת למלגת דיקן."", ""סכום_המלגה"": ""עד 12 מלגות שכר לימוד מלא, לשנות לימוד נורמטיביות לתואר ראשון."", ""תאריכי_הרשמה"": ""רישום פתוח עד 01/08/2026. ועדת הבחירה תתקיים במהלך חודש ספטמבר 2026."", ""התחייבויות"": ""לא צוינו שעות התנדבות (פרח וכדומה).""}"
1,https://www.bgu.ac.il/welcome/ba/scholarship-lobby/telem/,"תל""ם - התוכנית למנהיגות","{""שם_המלגה"": ""תל\""ם - התוכנית למנהיגות"", ""תיאור_כללי"": ""תוכנית לפיתוח מנהיגות בעלת רגישות חברתית. התוכנית משלבת תוכנית עיונית בנושאים חברתיים, לצד פעילות מעשית ומגוונת עם הקהילה המקומית בתחומים שונים (צרכים מיוחדים, אוכלוסיות בסיכון ועוד)."", ""קהל_יעד"": ""סטודנטים וסטודנטיות בעלי נחיצות כלכלית מוכחת, רגישות חברתית גבוהה, רצון להעמקה בתכנים חברתיים ושאיפה להשפיע על עיצוב פני החברה הישראלית."", ""תנאי_זכאות"": ""נחיצות כלכלית מוכחת, רגישות חברתית גבוהה, רצון להעמקה בתכנים חברתיים, שאיפה להשפיע על עיצוב פני החברה הישראלית. תהליך המיונים כולל השתתפות במרכז הערכה וריאיון אישי."", ""סכום_המלגה"": ""11,000 ש\""ח לשנת פעילות"", ""תאריכי_הרשמה"": ""20.05.2025 - 15.09.2025 (בכפוף למילוי המכסה הנדרשת)"", ""התחייבויות"": ""פעילות מעשית: 3-4 שעות שבועיות לטובת פעילות בקהילה (סך כולל של 100 שעות בשנה). פעילות עיונית: השתתפות ב-4 סמינרים במהלך השנה בימי חמישי 21:00-17:00 ושישי 14:00-08:00 (סך כולל של כ-50 שעות בשנה). השתתפות במפגשי תוכן עם הקבוצה והרכז או הרכזת המלווה. השתתפות בטקס סיום השנה של המחלקה למעורבות חברתית.""}"
1,https://www.bgu.ac.il/welcome/ba/scholarship-lobby/sicket/,"תוכנית ""סיקט""","{""שם_המלגה"": ""תוכנית 'סיקט'"", ""תיאור_כללי"": ""תוכנית לקידום סטודנטיות וסטודנטים יוצאי אתיופיה באוניברסיטת בן-גוריון בנגב, המציעה מגוון הזדמנויות להצלחה, כולל מסלולי קבלה מגוונים, מלגות וסיוע כלכלי, תמיכה וליווי לאורך התואר. התוכנית מצטרפת לתכנית פוירשטיין."", ""קהל_יעד"": ""מועמדים ומועמדות בני העדה האתיופית, כולל כאלה ללא רקע אקדמי. מועמדים עם ציון פסיכומטרי בטווח של 100 נקודות מדרישות הקבלה, או במסלול 'ראויים לקידום' עם ציון 30 ומעלה."", ""תנאי_זכאות"": ""השתייכות לעדה האתיופית ועמידה באחד ממסלולי הקבלה הייחודיים של התוכנית. הזכאים מקבלים: השתתפות במימון לימודים קדם-אקדמיים, מגוון מלגות (כולל קרן דוד ומלגת 'ממדים ללימודים'), מנטורית/מלווה אקדמית, ליווי מלא ע\""י רכזת, חונכות ושיעורי עזר, סדנאות העשרה, סיוע כלכלי (מלגות מרום ודיקנאט, סבסוד שכר דירה/מעונות, החזרי נסיעות, סבסוד אבחונים, החזר בגין רכישת ספרים) וסיוע אישי (ייעוץ פסיכולוגי, התאמות שפתיות בשנת הלימודים הראשונה לתואר: הארכת זמן, שימוש במילונית והתעלמות משגיאות כתיב)."", ""סכום_המלגה"": ""התוכנית מציעה מגוון מלגות. לדוגמה: מלגת קרן דוד (עד 12,000 ₪) ומלגת 'ממדים ללימודים' (מממנת 2/3 משכר הלימוד לכל משך התואר ובתואר השני)."", ""תאריכי_הרשמה"": ""רישום פתוח עד 31/12/2030."", ""התחייבויות"": ""לא צוין במפורש כהתחייבות, אך קיימות הזדמנויות למעורבות חברתית.""}"
1,https://www.bgu.ac.il/welcome/ba/scholarship-lobby/hias/,"מלגת היא""ס לעולים","{""שם_המלגה"": ""מלגת היא\""ס לעולים"", ""תיאור_כללי"": ""היא\""ס הינו ארגון בינלאומי ותיק המסייע לפליטים, למהגרים ולעולים חדשים. מאז הקמתו בשנת 1881, תמך היא\""ס במיליוני עולים ופליטים שרצונם היה לעלות, להיקלט, להתבסס ולהתקדם בארצם החדשה. לתכנית המלגות של היא\""ס מקום חשוב במגוון השירותים שמעניק הארגון לקהילה, והיא מיועדת לקידום אוכלוסיות ובמישור הסוציו-אקונומי."", ""קהל_יעד"": ""עולים חדשים, פליטים ומהגרים"", ""תנאי_זכאות"": ""על הסטודנט להיכנס לאתר האינטרנט של הארגון ולהירשם בטופס ההרשמה למלגה."", ""סכום_המלגה"": """", ""תאריכי_הרשמה"": ""רישום סגור"", ""התחייבויות"": """"}"
1,https://www.bgu.ac.il/welcome/ba/scholarship-lobby/batyaamir/,"קרן מלגות ללימודים אקדמיים לחיילים משוחררים ע""ש בתיה עמיר ז""ל","{""שם_המלגה"": ""קרן מלגות ללימודים אקדמיים לחיילים משוחררים ע\""ש בתיה עמיר ז\""ל"", ""תיאור_כללי"": ""קרן מלגות שהוקמה על ידי המנוחה בתיה עמיר ז\""ל במטרה להעניק מלגות ללימודים אקדמיים לחיילים משוחררים. הקרן מעניקה חמש מלגות מידי שנה."", ""קהל_יעד"": ""חיילים משוחררים מצה\""ל, סטודנטים הלומדים לתואר ראשון במוסד אקדמי מחקרי, מעוטי יכולת, ועד גיל 25."", ""תנאי_זכאות"": [""חיילים משוחררים מצה\""ל."", ""סטודנטים הלומדים לימודים אקדמיים לתואר ראשון במוסד אקדמי מחקרי."", ""מעוטי יכולת."", ""סטודנטים עד גיל 25 שנה."", ""יש לשלוח את הבקשה לכתובות האימייל המצוינות (בקובץ PDF אחד) בהתאם להנחיה בטופס המצ\""ב ולצרף את המסמכים הנדרשים. בקשה שתוגש שלא על פי ההנחיות לא תטופל.""], ""סכום_המלגה"": ""3,000 ₪ לכל מלגה."", ""תאריכי_הרשמה"": ""ניתן להגיש בקשה בין החודשים אוקטובר-ינואר בכל שנת לימודים. הענקת המלגה מתקיימת בחודש פברואר."", ""התחייבויות"": ""לא צוין.""}"
1,https://www.bgu.ac.il/welcome/ba/scholarship-lobby/bitahonmilga/,"מלגת משרד הביטחון לסטודנטים שנה א' על פי ""חוק הפריפריה"" - קמפוס אילת","{""שם_המלגה"": ""מלגת משרד הביטחון לסטודנטים שנה א' על פי \""חוק הפריפריה\"" - קמפוס אילת"", ""תיאור_כללי"": ""מלגה מטעם משרד הביטחון לסטודנטים הזכאים על פי 'חוק הפריפריה', המועברת לחשבון הפיקדון האישי של הסטודנטים בין החודשים דצמבר-ינואר בשנת הלימודים העוקבת. תהליך הרישום למלגה יעשה במהלך סמסטר א' ע\""י הודעה שתישלח לסטודנטים במייל."", ""קהל_יעד"": ""סטודנטים שנה א' בקמפוס אילת, בוגרי/ות שירות צבאי ולאומי"", ""תנאי_זכאות"": ""הזכאות למלגה הינה החל מ-3 חודשים טרם סיום השירות הסדיר ולמשך 5 שנים מיום סיום השירות הסדיר. סכום המלגה יחושב על סמך קורסים אקדמיים הנלמדים ומשולמים לאוניברסיטת בן-גוריון בנגב בלבד. אין כפל מלגות (מלבד מלגת דיקן הסטודנטים)."", ""סכום_המלגה"": ""עד 10,198 ₪"", ""תאריכי_הרשמה"": ""הרישום למלגה יפתח ב-15.12.25."", ""התחייבויות"": ""לא נדרשת פעילות התנדבותית בתמורה למלגה. ניתן לבצע התנדבות בפר\""ח ולקבל 7000 ₪ בנוסף למלגה.""}"
2,https://www.bgu.ac.il/welcome/ba/scholarship-lobby/mascila/,תכנית משכילה - קמפוס אילת,"{""שם_המלגה"": ""תכנית משכילה - קמפוס אילת"", ""תיאור_כללי"": ""תוכנית לליווי אימהות יחידניות להשכלה גבוהה."", ""קהל_יעד"": ""אימהות יחידניות, אוכלוסיות סוציו-אקונומיות, אוכלוסיות בקידום"", ""תנאי_זכאות"": ""אימהות יחידניות המעוניינות בהשכלה גבוהה בקמפוס אילת; מועמדות מאוכלוסיות סוציו-אקונומיות או אוכלוסיות בקידום."", ""סכום_המלגה"": """", ""תאריכי_הרשמה"": ""רישום סגור"", ""התחייבויות"": """"}"
2,https://www.bgu.ac.il/welcome/ba/scholarship-lobby/hiseg/,קרן הישג  - קמפוס אילת,"{""שם_המלגה"": ""קרן הישג - קמפוס אילת"", ""תיאור_כללי"": ""מלגת לימודים לתואר ראשון בקמפוס אילת, המיועדת לחיילים משוחררים ששירתו כחיילים בודדים."", ""קהל_יעד"": ""חיילים משוחררים ששירתו כחיילים בודדים"", ""תנאי_זכאות"": ""שירות צבאי כחייל בודד"", ""סכום_המלגה"": ""10,000 ₪ שנתי לטובת שכר לימוד ו-1,500 ₪ חודשי במהלך כל השנה."", ""תאריכי_הרשמה"": ""החל מחודש מרץ ועד לתאריך 30/06. נכון לעכשיו, הרישום סגור."", ""התחייבויות"": ""לא צוין""}"
2,https://www.bgu.ac.il/welcome/ba/scholarship-lobby/zevik/,קרן זאביק - קמפוס אילת,"{""שם_המלגה"": ""קרן זאביק - קמפוס אילת"", ""תיאור_כללי"": ""מלגת לימודים המיועדת לתלמידי תואר ראשון ושני, יוצאי סיירת צנחנים, העומדים בתנאי זכאות ספציפיים."", ""קהל_יעד"": ""סטודנטים לתואר ראשון ושני, יוצאי סיירת צנחנים, משנה א' ומעלה, ששירתו שירות סדיר או קבע."", ""תנאי_זכאות"": ""תלמיד לתואר ראשון או שני; יוצא סיירת צנחנים; סטודנט משנה א' ומעלה; התחיל את לימודיו לא יאוחר משלוש שנים מאז השחרור מצה\""ל (שירות סדיר או קבע)."", ""סכום_המלגה"": ""לא צוין"", ""תאריכי_הרשמה"": ""רישום סגור"", ""התחייבויות"": ""לא צוין""}"
2,https://www.bgu.ac.il/welcome/ba/scholarship-lobby/knesset/,"מלגת יו""ר הכנסת - קמפוס אילת","{""שם_המלגה"": ""מלגת יו\""ר הכנסת - קמפוס אילת"", ""תיאור_כללי"": ""מלגה סוציו-אקונומית המיועדת לסטודנטים בקמפוס אילת בעלי קשיים כלכליים או בעלי צרכים מיוחדים."", ""קהל_יעד"": ""סטודנטים בקמפוס אילת, בעלי קשיים כלכליים או בעלי צרכים מיוחדים."", ""תנאי_זכאות"": ""עמידה בקריטריונים של קשיים כלכליים או בעלי צרכים מיוחדים."", ""סכום_המלגה"": ""1,500 ₪"", ""תאריכי_הרשמה"": ""רישום סגור"", ""התחייבויות"": ""לא צוין""}"
2,https://www.bgu.ac.il/welcome/ba/scholarship-lobby/klita/,מינהל הסטודנטים של משרד הקליטה - קמפוס אילת,"{""שם_המלגה"": ""מינהל הסטודנטים של משרד הקליטה - קמפוס אילת"", ""תיאור_כללי"": ""מלגת שכר לימוד לתקופה של עד 3 שנות לימוד"", ""קהל_יעד"": ""סטודנטים עולים (בפרט בקמפוס אילת)"", ""תנאי_זכאות"": ""סטודנטים עולים"", ""סכום_המלגה"": ""מלגת שכר לימוד (לעד 3 שנות לימוד)"", ""תאריכי_הרשמה"": ""רישום סגור (הגשה צוינה כ'במהלך כל השנה', אך הסטטוס הנוכחי הוא 'סגור')"", ""התחייבויות"": ""לא צוין""}"
2,https://www.bgu.ac.il/welcome/ba/scholarship-lobby/naamat-eilat/,"מלגה מטעם נעמ""ת - קמפוס אילת","{""שם_המלגה"": ""מלגה מטעם נעמ\""ת - קמפוס אילת"", ""תיאור_כללי"": ""מלגה סוציו-אקונומית מטעם נעמ\""ת המיועדת לסטודנטיות בקמפוס אילת."", ""קהל_יעד"": ""סטודנטיות שנה ב' ואילך הלומדות בקמפוס אילת."", ""תנאי_זכאות"": ""חברות הסתדרות."", ""סכום_המלגה"": ""2,000 ₪"", ""תאריכי_הרשמה"": ""רישום סגור. הגשת הבקשה הייתה עד לחודש ינואר."", ""התחייבויות"": ""לא צוין""}"
2,https://www.bgu.ac.il/welcome/ba/scholarship-lobby/moshe-foundation/,קרן משה - התוכנית למנהיגות,"{""שם_המלגה"": ""קרן משה - התוכנית למנהיגות"", ""תיאור_כללי"": ""תוכנית רב-שנתית לפיתוח מנהיגות בעלת רגישות חברתית. התוכנית משלבת תוכנית עיונית בנושאים חברתיים, לצד פעילות מעשית ומגוונת עם הקהילה המקומית בתחומים שונים (צרכים מיוחדים, אוכלוסיות בסיכון ועוד)."", ""קהל_יעד"": ""סטודנטיות וסטודנטים בעלי רגישות חברתית, רצון להעמקה בתכנים חברתיים ושאיפה להשפיע על עיצוב פני החברה הישראלית."", ""תנאי_זכאות"": ""השתתפות במרכז הערכה וריאיון אישי. החלטה סופית על קבלה לקרן מותנית באישור הקרן."", ""סכום_המלגה"": ""12,000 ₪ לשנת פעילות"", ""תאריכי_הרשמה"": ""20.05.2025-15.09.2025 (בכפוף למילוי המכסה הנדרשת)."", ""התחייבויות"": ""פעילות מעשית: 4 שעות שבועיות לטובת פעילות בקהילה (סך כולל של 120 שעות בשנה); פעילות עיונית: השתתפות ב-4 סמינרים במהלך השנה בימי חמישי 21:00-17:00 ושישי 14:00-08:00 (סך כולל של כ-50 שעות בשנה); השתתפות במפגשי תוכן עם הקבוצה והרכז או הרכזת המלווה; השתתפות בטקס סיום השנה של המחלקה למעורבות חברתית.""}"
2,https://www.bgu.ac.il/welcome/ba/scholarship-lobby/gross-foundation/,קרן גרוס לחיילים משוחררים,"{""שם_המלגה"": ""קרן גרוס לחיילים משוחררים"", ""תיאור_כללי"": ""תכנית לפיתוח רגישות חברתית המשלבת תוכניות עיוניות בנושאים חברתיים לצד פעילות מגוונת בקהילה. מיועדת לבוגרי/ות שירות צבאי ולאומי עם מעורבות חברתית."", ""קהל_יעד"": ""סטודנטים או סטודנטיות שהם חיילים משוחררים (עד 5 שנים מיום השחרור משירות החובה)."", ""תנאי_זכאות"": ""ניצול מעל 8,000 ש\""ח מהפיקדון האישי. התאמה לקריטריונים של הקרן וריאיון אישי. הקבלה מותנית באישור הקרן."", ""סכום_המלגה"": ""10,000 ש\""ח לשנת פעילות"", ""תאריכי_הרשמה"": ""04.08.2025-15.09.2025 (בכפוף למילוי המכסה הנדרשת)."", ""התחייבויות"": ""פעילות מעשית: 3 שעות שבועיות לטובת הקהילה (סה\""כ 80 שעות בשנה). פעילות עיונית: השתתפות ב-4 סמינרים במהלך השנה (כ-50 שעות) בימי חמישי (17:00-21:00) ושישי (08:00-14:00). השתתפות במפגשי תוכן עם הקבוצה והרכז/ת, והשתתפות בטקס סיום השנה של המחלקה למעורבות חברתית.""}"
2,https://www.bgu.ac.il/welcome/ba/scholarship-lobby/university-baam/,אוניברסיטה בעם,"{""שם_המלגה"": ""אוניברסיטה בעם"", ""תיאור_כללי"": ""התוכנית פותחת את שערי האוניברסיטה בפני אוכלוסיות מוחלשות ומאפשרת להן לרכוש ידע שימושי וחיוני בסביבה אקדמית, ככלי לשינוי חברתי."", ""קהל_יעד"": ""סטודנטים וסטודנטיות בשנה ב' ומעלה למקצועות ניהול, כלכלה, רפואה, מדעי הבריאות, מדעי החיים ופסיכולוגיה."", ""תנאי_זכאות"": ""סטודנטים/ות בשנה ב' ומעלה למקצועות המצוינים, הכולל הגשת קורות חיים וראיון אישי מעמיק."", ""סכום_המלגה"": ""6,000 ש\""ח ו-4 נק\""ז כללי. לסטודנטים/ות למקצועות הרפואה ומדעי החיים: 9,000 ש\""ח (ללא נק\""ז)."", ""תאריכי_הרשמה"": ""הרישום נפתח ביולי - ספטמבר 2025. ראיונות לתוכנית יתקיימו החל מ-15.6.25."", ""התחייבויות"": ""פעילות מעשית: 3 שעות שבועיות (אחת לשבוע בין השעות 18:00-21:00). מפגש רכזת: ישיבת צוות שבועית. השתתפות בפעילות הפרויקט לאורך השנה (ערב גיבוש, סיור, טקס סיום ועוד). פעילות עיונית: השתתפות פעילה בסדנה אקדמית שבועית (בימי רביעי בקמפוס בין השעות 16:00-17:30, למעט בתקופת מבחנים ובחופשים קבועים).""}"
2,https://www.bgu.ac.il/welcome/ba/scholarship-lobby/shaar-ruach/,תוכנית שאר רוח,"{""שם_המלגה"": ""תוכנית שאר רוח"", ""תיאור_כללי"": ""תוכנית ייחודית המיועדת ללומדות לתואר שני או שלישי במדעי הרוח, המשלבת קבלת תעודת הוראה עם מלגת שכר לימוד מלאה. מטרתה להכשיר מורות איכותיות לתחומי מדעי הרוח עבור מערכת החינוך בדרום, באמצעות מסלול הכשרה חדשני בבית הספר לחינוך של האוניברסיטה."", ""קהל_יעד"": ""לומדות (נשים) לתואר שני או שלישי במדעי הרוח בתחומים הבאים: אומנות, היסטוריה כללית, היסטוריה של עם ישראל, לימודי מדינת ישראל, לשון עברית, מחשבת ישראל, מקרא, מזרח תיכון, ספרויות זרות ובלשנות, ספרות עברית, פילוסופיה."", ""תנאי_זכאות"": ""קבלה או לימודים לתואר שני או שלישי במדעי הרוח, וריאיון אישי. התוכנית מיועדת ללומדות נבחרות."", ""סכום_המלגה"": ""מלגת שכר לימוד מלאה של הפקולטה."", ""תאריכי_הרשמה"": ""רישום סגור."", ""התחייבויות"": ""הלומדות נדרשות לשלב ולקבל תעודת הוראה במסגרת התוכנית, ולהשתתף באופן פעיל במסלול ההכשרה הייחודי הכולל סדנאות קליניות, קורסים עיוניים, התנסות מעשית בבתי ספר מובילים, ימי עיון, סיורים ומפגשים.""}"
2,https://www.bgu.ac.il/welcome/ba/scholarship-lobby/tourism-office/,מלגת משרד התיירות,"{""שם_המלגה"": ""מלגת משרד התיירות"", ""תיאור_כללי"": ""מלגות לסטודנטים/ות הנרשמים/ות ללימודי תואר ראשון ושני בלימודי תיירות במוסדות מוכרים להשכלה גבוהה, מטעם משרד התיירות בישראל."", ""קהל_יעד"": ""סטודנטים/ות שנה א' (החל מאוקטובר 2023) לתואר ראשון ושני בלימודי תיירות במוסדות מוכרים להשכלה גבוהה."", ""תנאי_זכאות"": ""עמידה בתנאים המפורטים בנוהל התמיכה של משרד התיירות (קישור לנוהל מצוין בעמוד המקור)."", ""סכום_המלגה"": ""עד 11,000 ₪ לסטודנט/ית. סך תקציב החלוקה עומד על 440,000 ₪."", ""תאריכי_הרשמה"": ""הרישום סגור. מועד אחרון להגשת בקשה היה 10.11.2023."", ""התחייבויות"": ""לא צוין.""}"
2,https://www.bgu.ac.il/welcome/ba/scholarship-lobby/telem-justice/,הצדק איתך,"{""שם_המלגה"": ""הצדק איתך"", ""תיאור_כללי"": ""תוכנית המציעה לנשים סדנה ייחודית בתחום המשפט והצדק החברתי. מטרתה לחשוף את הנשים המשתתפות להיבטים שונים במשפט (דיני עבודה, ביטוח לאומי, דיני משפחה) בקבוצה נשית תומכת."", ""קהל_יעד"": ""סטודנטים וסטודנטיות לתואר ראשון או שני בעלי נחיצות כלכלית מוכחת."", ""תנאי_זכאות"": ""נחיצות כלכלית מוכחת, קבלה לתוכנית תל\""ם, השתתפות במרכז הערכה וראיון אישי."", ""סכום_המלגה"": ""11,000 ש\""ח"", ""תאריכי_הרשמה"": ""20.05.2025-15.09.2025 (בכפוף למילוי המכסה הנדרשת)."", ""התחייבויות"": ""ביצוע 100 שעות פעילות מעשית בקהילה (3-4 שעות שבועיות), השתתפות מלאה בתוכנית העיונית הכוללת 4 סמינרים במהלך השנה (בימי חמישי 17:00-21:00 ושישי 08:00-14:00, סך הכל כ-50 שעות), השתתפות במפגשי תוכן עם הקבוצה והרכז/ת המלווה, והשתתפות בטקס סיום השנה של המחלקה למעורבות חברתית.""}"
2,https://www.bgu.ac.il/welcome/ba/scholarship-lobby/telem-daat/,בשביל הדעת,"{""שם_המלגה"": ""מלגת בשביל הדעת"", ""תיאור_כללי"": ""הנגשת האקדמיה לאנשים עם צרכים מיוחדים (אוכלוסיית מגבלה שכלית התפתחותית, אוכלוסיית שיקום, אוטיזם בתפקוד גבוה, שיתוק מוחין) באמצעות מתן השכלה כללית לעולמות התוכן באוניברסיטה (רפואה, פוליטיקה וממשל, מדעי החיים, פסיכולוגיה ועוד)."", ""קהל_יעד"": ""סטודנטים וסטודנטיוות לתואר ראשון או שני בעלי נחיצות כלכלית מוכחת, המעורבים בפעילות חברתית להנגשת האקדמיה."", ""תנאי_זכאות"": ""בעלי נחיצות כלכלית מוכחת; קבלה לתוכנית תל\""ם."", ""סכום_המלגה"": ""11,000 ש\""ח"", ""תאריכי_הרשמה"": ""20.05.2025 - 15.09.2025 (בכפוף למילוי המכסה הנדרשת)"", ""התחייבויות"": ""פעילות מעשית: 100 שעות בשנה (3-4 שעות שבועיות בקהילה); השתתפות מלאה בתוכנית העיונית (4 סמינרים במהלך השנה, בימי חמישי 17:00-21:00 ושישי 08:00-14:00, סך כולל של כ-50 שעות בשנה); השתתפות במפגשי תוכן עם הקבוצה והרכז או הרכזת המלווה; השתתפות בטקס סיום השנה של המחלקה למעורבות חברתית.""}"
2,https://www.bgu.ac.il/welcome/ba/scholarship-lobby/speaking-hebrew/,"מדברות עברית באב""ג","{""שם_המלגה"": ""מדברות עברית באב\""ג"", ""תיאור_כללי"": ""הקניית מיומנויות מעשיות בשפה העברית לנשים בדואיות ביישובי הנגב."", ""קהל_יעד"": ""סטודנטים/ות לתואר ראשון או שני, בדגש על נשים בדואיות ביישובי הנגב."", ""תנאי_זכאות"": ""השתתפות במרכז הערכה וריאיון אישי. התחייבות לפעילות מעשית בקהילה (3-4 שעות שבועיות, סך כולל של 100 שעות בשנה) ולהשתתפות ב-4 סמינרים עיוניים (סה\""כ כ-50 שעות בשנה). השתתפות במפגשי רכז/ת ובטקס סיום השנה של המחלקה למעורבות חברתית."", ""סכום_המלגה"": ""4,000 ₪ לביצוע של 60 שעות פעילות והשתתפות מלאה בתוכנית העיונית, או 11,000 ש\""ח בכפוף לקבלה לתוכנית תל\""ם, ביצוע 100 שעות פעילות מעשית והשתתפות מלאה בתוכנית העיונית."", ""תאריכי_הרשמה"": ""20.05.2025 - 15.09.2025 (בכפוף למילוי המכסה הנדרשת)."", ""התחייבויות"": ""ביצוע 60 שעות פעילות מעשית (עבור מלגת 4,000 ש\""ח) או 100 שעות פעילות מעשית (עבור מלגת 11,000 ש\""ח), וכן השתתפות מלאה בתוכנית העיונית (כ-50 שעות סמינרים).""}"
2,https://www.bgu.ac.il/welcome/ba/scholarship-lobby/atidim-hitech/,תוכנית עתידים לתעשייה ולהייטק,"{""שם_המלגה"": ""תוכנית עתידים לתעשייה ולהייטק - מהנדסים איתך הצלחה"", ""תיאור_כללי"": ""התוכנית מעניקה מעטפת אקדמית וכלכלית חזקה כולל השמה בתחומי ההנדסה ומדעי המחשב"", ""קהל_יעד"": ""סטודנטים לתואר ראשון בתחומי ההנדסה ומדעי המחשב באוניברסיטת בן-גוריון"", ""תנאי_זכאות"": ""נרשמים לשנה א' בשנה\""ל הקרובה או מסיימי סמסטר אביב"", ""סכום_המלגה"": ""77,000 ש\""ח סבסוד שכר לימוד ומלגות"", ""תאריכי_הרשמה"": ""רישום סגור"", ""התחייבויות"": ""לא מצוין מפורשות התחייבות להתנדבות""}"
3,https://www.bgu.ac.il/welcome/ba/scholarship-lobby/marom/,מלגת מרום,"{""שם_המלגה"": ""מלגת מרום"", ""תיאור_כללי"": ""תוכנית מלגות שנתית, המופעלת על ידי פר\""ח וכחלק מתכנית המל\""ג, לעידוד מצוינות אקדמית בקרב סטודנטים וסטודנטיות יוצאי אתיופיה."", ""קהל_יעד"": ""סטודנטים וסטודנטיות יוצאי אתיופיה הלומדים לתואר ראשון או שני. ההרשמה פתוחה לסטודנטים שנה א' או ב' לתואר ראשון (במידה ולא נרשמו בשנים קודמות)."", ""תנאי_זכאות"": ""יוצאי אתיופיה. קבלה לפי תנאי המלגה. מימון המלגה יינתן לשנים שנותרו לתואר עבור זכאים שנרשמו בשנה א' או ב'."", ""סכום_המלגה"": ""10,000 ₪ עבור כל שנת לימודים, החל משנה א' ועד לסיום השנים התקניות לתואר."", ""תאריכי_הרשמה"": ""תאריך אחרון להרשמה: 10.11.24"", ""התחייבויות"": ""ביצוע שעות פעילות בכל שנה אקדמית, באמצעות פעילות חברתית דרך תוכנית פר\""ח.""}"
3,https://www.bgu.ac.il/welcome/ba/scholarship-lobby/heb-success/,מפתח העברית להצלחה,"{""שם_המלגה"": ""מפתח העברית להצלחה"", ""תיאור_כללי"": ""קורס בחירה מרתק נושא מלגה, במתכונת קורס מקדם עשייה חברתית. מטרתו להקנות לסטודנטים ולסטודנטיות דוברי עברית כשפת אם כלים לתרגול השפה העברית בבתי ספר הבדואים בנגב, במטרה לצמצם את חסם השפה העברית ולאפשר לצעירים מהחברה הבדואית להשתלב בהשכלה גבוהה ובתעסוקה."", ""קהל_יעד"": ""סטודנטים וסטודנטיות בתואר ראשון ושני בפקולטה למדעי הרוח והחברה, בפקולטה לניהול ובפקולטה למדעי הטבע, דוברי עברית כשפת אם."", ""תנאי_זכאות"": ""קבלה לקורס מותנית בראיון מקדים ובעברית שפת אם."", ""סכום_המלגה"": ""5,000 ש\""ח לסמסטר"", ""תאריכי_הרשמה"": ""הרישום סגור."", ""התחייבויות"": ""השתתפות בקורס של 3 נק\""ז הכולל מפגשים ללמידה פרונטלית בימי א' (14:00-15:30) ותרגול מעשי שבועי בתיכוני חורה (08:00-13:30, כולל הסעה).""}"
3,https://www.bgu.ac.il/welcome/ba/scholarship-lobby/milgo/,מלגת מיל-go!,"{""שם_המלגה"": ""מלגת מיל-go!"", ""תיאור_כללי"": ""הענקת מלגות לפי קריטריונים סוציו-אקונומיים על-מנת לסייע לסטודנטים בתואר ראשון ובמכינה (שלא זכאים למלגת \""ראויים לסיוע\"") לסיים את לימודיהם בהצלחה."", ""קהל_יעד"": ""סטודנטים וסטודנטיות בתואר ראשון ותלמידי ותלמידות המכינות הקדם אקדמיות."", ""תנאי_זכאות"": ""מלגה סוציו-אקונומית. הזכאות נקבעת על-פי קריטריונים שונים שנקבעים מראש, בהתחשב בחתכי רמות הזכאות של כלל אוכלוסיית הסטודנטים הנזקקים הפונים לקבלת סיוע בשנת לימודים מסוימת."", ""סכום_המלגה"": ""5,000₪, 7,500₪, 10,000₪ ו־12,480₪"", ""תאריכי_הרשמה"": ""רישום סגור. קבלת תשובות בחודשים מאי-יוני 2025."", ""התחייבויות"": """"}"
3,https://www.bgu.ac.il/welcome/ba/scholarship-lobby/youth-olympics-scholarship/,פרס לימודים לזוכי ולזוכות אולמיפאדות במדעים לנוער,"{""שם_המלגה"": ""פרס לימודים לזוכי ולזוכות אולימפיאדות במדעים לנוער"", ""תיאור_כללי"": ""פרס לימודים המוענק לזוכי ולזוכות באולימפיאדות בינלאומיות למדעים במדליות זהב, כסף וארד, המקנים קבלה ללימודי תואר ראשון באוניברסיטה וללא פסיכומטרי."", ""קהל_יעד"": ""זוכי וזוכות אולימפיאדות בינלאומיות למדעים במדליות זהב, כסף וארד, המעוניינים ללמוד לתואר ראשון."", ""תנאי_זכאות"": [""זכייה במדליית זהב, כסף או ארד באולימפיאדות בינלאומיות למדעים."", ""המלגה ניתנת פעם אחת בלבד, גם אם הזכייה הייתה במספר אולימפיאדות."", ""אם הסטודנט לומד מעל 100% מכסת לימודים, הפקולטה/ביה\""ס ישלים את הפער בתשלום שכר הלימוד לאותה שנה."", ""תוקף מימוש המלגה הוא ל-7 שנים משנת הזכייה בפרס."", ""המלגה אינה ניתנת להעברה."", ""אין כפל מלגות (מלגת רקטור / מלגת הצטיינות) בשנת מימוש הפרס."", ""קבלה ללימודים ללא פסיכומטרי בתנאים הבאים:"", ""- זוכה באחד מהתחומים מדעי המחשב, פיסיקה או מתמטיקה, יכול להתקבל לחוג שיבחר בתחומים אלה (לדוגמא, זוכה במתמטיקה יכול להתקבל למדעי המחשב)."", ""- זוכה בכימיה, יוכל להתקבל ללימודים לתחום זה בלבד."", ""- זוכה בביולוגיה, יוכל להתקבל ללימודים לתחום זה בלבד."", ""- בכל מקרה אחר של זכייה בתחום אחד ובקשה להתקבל ללימודים בתחום אחר, הבקשה תיבדק באופן פרטני על ידי הדיקן / ראש בית הספר.""], ""סכום_המלגה"": ""מלגת רקטור\"" - מלגה בגובה 100% שכ\""ל לשנת לימודים אחת לתואר ראשון (המלגה אינה כוללת תשלומים נלווים)."", ""תאריכי_הרשמה"": ""רישום סגור"", ""התחייבויות"": ""לא צוין""}"
3,https://www.bgu.ac.il/welcome/ba/scholarship-lobby/ambassadors-of-shared-life/,שגרירי חיים משותפים,"{""שם_המלגה"": ""שגרירי חיים משותפים"", ""תיאור_כללי"": ""התוכנית מכשירה דור חדש של מנהיגים ומנהיגות ויזמים חברתיים, ומציעה מסלול הכשרה למנהיגות ועשייה חברתית בקמפוס בתחום החיים המשותפים. במהלך התוכנית המשתתפים יתנסו בדיאלוג, ילמדו ויתרגלו כיצד לפתח יוזמות חברתיות, לעבוד עם בעלי תפקידים באוניברסיטה ולפעול בסביבה רב-תרבותית ומגוונת. תכנים מרכזיים כוללים דיאלוג יהודי-ערבי, יזמות ומנהיגות. התוכנית מתאפשרת באמצעות מענק מקרן בלאושטיין וקרן SVF לשוויון יהודי-ערבי ולחברה משותפת."", ""קהל_יעד"": ""מועמדים ומועמדות לתואר ראשון באוניברסיטת בן גוריון, המעוניינים להכשיר את עצמם כמנהיגים ויזמים חברתיים בתחום החיים המשותפים."", ""תנאי_זכאות"": ""הפרטים הספציפיים לתנאי הזכאות לקבלה לתוכנית אינם מפורטים בטקסט הגולמי, אך נדרשת השתתפות פעילה בתוכנית."", ""סכום_המלגה"": ""10,000 ש\""ח לשנה"", ""תאריכי_הרשמה"": ""רישום סגור"", ""התחייבויות"": ""השתתפות מלאה בהכשרה שנתית הכוללת שני סמינרים דו-יומיים ומפגשים פעם בשבועיים בימי רביעי בשעות 17:00-20:00. נדרש קידום יוזמות חברתיות בפקולטה (שעתיים בשבוע).""}"
3,https://www.bgu.ac.il/welcome/ba/scholarship-lobby/intellectual-journeys/,מסעות דעת,"{""שם_המלגה"": ""מסעות דעת"", ""תיאור_כללי"": ""תוכנית למנהיגות אינטלקטואלית צעירה. מסעות דעת היא תוכנית מנהיגות אינטלקטואלית ייחודית ללימודים בינתחומיים, המבקשת לטפח כישורי התבוננות ויכולת ניתוח של שאלות עומק רעיוניות ופילוסופיות בהקשר של בעיות השעה בארץ ובעולם, ולחבר בין שאלות אלו ובין המציאות החברתית והפוליטית. התוכנית כוללת סמינרים, הרצאות ותרגולים, לצד סיורים, סדנאות כתיבה ויצירה, אירועי תרבות ופעילויות חברתיות. כמו כן, במהלך התוכנית יפַַתחו העמיתות והעמיתים פרויקטים אישיים של מחקר ושל עשייה חברתית ותרבותית. תוכנית הקיץ תתקיים במכון ון ליר בירושלים בתאריכים 25.8.2024 – 26.9.2024, ולאחריה יתקיימו מפגשי המשך אחת לחודש באוניברסיטת בן-גוריון עד יולי 2025."", ""קהל_יעד"": ""סטודנטיות וסטודנטים מכל תחומי הידע, הרשומים או לומדים לתואר ראשון באוניברסיטת בן-גוריון בנגב בשנת הלימודים תשפ\""ה. גם סטודנטים וסטודנטיות בשנים מתקדמות יכולים להגיש מועמדותם לתוכנית."", ""תנאי_זכאות"": ""נרשמו או לומדים לתואר ראשון באוניברסיטת בן-גוריון בנגב בשנת הלימודים תשפ\""ה בכל תחומי הידע. לא נדרש ידע קודם, אך נדרשות מחויבות, רצינות והתמדה. תהליך המיון עשוי לכלול ריאיון אישי."", ""סכום_המלגה"": ""מלגת לימודים באוניברסיטת בן-גוריון בנגב בסך 5,000 ש\""ח. בנוסף, העמיתים יקבלו בעבורה עד 4 נק\""ז בכפוף למילוי כל מטלות התוכנית ועל פי תנאי האוניברסיטה (מתן הפטור מותנה בהחלטת היחידה המעניקה אותו). ההשתתפות בתוכנית אינה כרוכה בתשלום. בתקופת תוכנית הקיץ יתגוררו העמיתים יחד במתחם ייעודי במרכז ירושלים."", ""תאריכי_הרשמה"": ""רישום סגור."", ""התחייבויות"": ""נדרשות מחויבות, רצינות והתמדה. העמיתים יידרשו למלא את כל מטלות התוכנית לצורך קבלת נקודות הזכות. פיתוח פרויקטים אישיים של מחקר ושל עשייה חברתית ותרבותית.""}"
3,https://www.bgu.ac.il/welcome/ba/scholarship-lobby/sachlev/,"מלגת לימודים סחל""ב","{""שם_המלגה"": ""מלגת לימודים סחל\""ב"", ""תיאור_כללי"": ""תוכנית סחל\""ב (סטודנטים חוברים לבתי הספר ולגנים) היא תוכנית מעורבות ארצית שבמסגרתה מלמדים סטודנטים לתואר ראשון בבתי הספר היסודיים או בגני הילדים."", ""קהל_יעד"": ""סטודנטים לתואר ראשון"", ""תנאי_זכאות"": ""השתתפות מלאה בתוכנית סחל\""ב, הכוללת פעילות בהיקף של 4 שעות שבועיות לפחות."", ""סכום_המלגה"": ""60% משכר הלימוד הנהוג באותה שנת לימודים באוניברסיטאות שהמדינה מתקצבת אותן. ההשתתפות אינה מונעת קבלת מלגות/הלוואות אחרות מהמדינה."", ""תאריכי_הרשמה"": ""הרשמה מאוחרת: החל מיום שני 1/07/2024 ותסתיים ביום ראשון 7/07/2024."", ""התחייבויות"": ""התחייבות להשתלב בפעילות בהיקף של 4 שעות שבועיות לפחות.""}"
3,https://www.bgu.ac.il/welcome/ba/scholarship-lobby/berti/,"פרס ע""ש ברטי לובנר על הצטיינות בפעילות התנדבותית","{""שם_המלגה"": ""פרס ע\""ש ברטי לובנר על הצטיינות בפעילות התנדבותית"", ""תיאור_כללי"": ""דיקן הסטודנטים, מדור סיוע כלכלי מציע פרס לסטודנטים מצטיינים בפעילות חברתית והתנדבותית בשנת הלימודים, שפעלו שלא במסגרת פעילות תמורת מלגה או שכר."", ""קהל_יעד"": ""סטודנטים מצטיינים בפעילות התנדבותית וחברתית; הפנייה מיועדת לסטודנטים אשר לא הציגו מועמדותם בעבר."", ""תנאי_זכאות"": ""הצטיינות בפעילות חברתית בשנת הלימודים; הפעילות לא בוצעה תמורת מלגה או שכר; אי הגשת מועמדות בעבר."", ""סכום_המלגה"": ""לא צוין"", ""תאריכי_הרשמה"": ""מועד אחרון להגשה: 4.3.2026. (יש לציין כי מופיע גם 'רישום סגור', ייתכן שהמועד האחרון רלוונטי למחזור הגשה עתידי)."", ""התחייבויות"": ""הפרס מוענק על הצטיינות בפעילות התנדבותית וחברתית שבוצעה שלא בתמורה למלגה או שכר.""}"
3,https://www.bgu.ac.il/welcome/ba/scholarship-lobby/bamilga/,מלגת השלמה לתואר ראשון - קמפוס אילת,"{""שם_המלגה"": ""מלגת השלמה לתואר ראשון - קמפוס אילת"", ""תיאור_כללי"": ""מלגה לסטודנטים/יות לתואר ראשון בקמפוס אילת, שמטרתה להשלים את שכר הלימוד המלא, תוך מעורבות חברתית במסגרת התנדבות בפר\""ח (סוציו-אקונומי)."", ""קהל_יעד"": ""סטודנטים/יות לתואר ראשון בקמפוס אילת שנדרשו לשירות צבאי מלא או שירות לאומי."", ""תנאי_זכאות"": [""נדרש שירות צבאי מלא/שירות לאומי."", ""אין כפל מלגות (מלבד מלגת דיקן הסטודנטים).""], ""סכום_המלגה"": ""המלגה משלימה לשכר הלימוד המלא. 7,000₪ יועברו ב-3 פעימות בתמורה להתנדבות בפר\""ח. יתרת המלגה תועבר לחשבון הבנק/שכר לימוד לקראת סוף סמסטר ב'."", ""תאריכי_הרשמה"": ""רישום למלגה סגור. הרשמה לאתר פר\""ח החל מ-1.9. טפסים למילוי הבקשה למלגה ישלחו במייל בתחילת סמסטר ב'."", ""התחייבויות"": ""התנדבות בפר\""ח, בהיקף של 120 שעות במהלך שנת הלימודים.""}"
3,https://www.bgu.ac.il/welcome/ba/scholarship-lobby/underwood/,מלגות קרן אנדרווד,"{""שם_המלגה"": ""מלגות קרן אנדרווד"", ""תיאור_כללי"": ""מלגות לימודים מטעם קרן אנדרווד לשנת הלימודים 2026-27, המיועדות לבעלי אזרחות קנדית/צרפתית/פיליפינית. הקרן שמה דגש על מעורבות חברתית וקידום אוכלוסיות."", ""קהל_יעד"": ""סטודנטים וסטודנטיות בכל התארים (ראשון, שני, שלישי) בעלי אזרחות קנדית/צרפתית/פיליפינית. המלגה מיועדת לשנת הלימודים 2026-27 בלבד."", ""תנאי_זכאות"": ""אזרחות קנדית/צרפתית/פיליפינית. המלגה אינה פתוחה לתלמידי מכינה או למי שנמצא בשנתו האחרונה בתואר (גם אם מתכנן להמשיך לתואר נוסף). חובה לקרוא ביסודיות את כל דפי ההסבר והמסמכים המצורפים. תהליך ההיערכות והשגת המסמכים הדרושים אורך מספר שבועות, ומומלץ להתחיל בו מיידית. ההגשה פיזית, בצירוף הטפסים הנדרשים (קול קורא 2026-27, טופס הצהרה, טופס למועמדים חדשים/ממשיכים), לבניין הסנאט, קומה 0, תיבת דואר מס' 25."", ""סכום_המלגה"": ""לא צוין"", ""תאריכי_הרשמה"": ""ההרשמה נפתחה (תאריך פתיחה לא צוין). מועד ההגשה האחרון הוא 9.11.2025."", ""התחייבויות"": ""מצוין דגש על מעורבות חברתית וקידום אוכלוסיות. פרטי התחייבויות ספציפיים (כמו שעות התנדבות) לא צוינו במפורש.""}"
3,https://www.bgu.ac.il/welcome/ba/scholarship-lobby/flower/,"מלגת פר""ח","{""שם_המלגה"": ""מלגת פר\""ח"", ""תיאור_כללי"": ""מלגה המשלבת מעורבות חברתית באמצעות חונכות אישית או קבוצתית במסגרת פרויקט פר\""ח."", ""קהל_יעד"": ""סטודנטים וסטודנטיות לקראת או במהלך לימודי תואר."", ""תנאי_זכאות"": ""הסכמה והתחייבות לפעילות חונכות במסגרת פרויקט פר\""ח."", ""סכום_המלגה"": ""7,000 ש\""ח"", ""תאריכי_הרשמה"": ""רישום סגור"", ""התחייבויות"": ""פעילות חונכות אישית פעמיים בשבוע, שעתיים בכל פעם, או חונכות קבוצתית כפעם בשבוע, 4 שעות (תלוי פרויקט).""}"
3,https://www.bgu.ac.il/welcome/ba/scholarship-lobby/israel-antiquities-authority-scholarship/,מלגת רשות העתיקות,"{""שם_המלגה"": ""מלגת רשות העתיקות"", ""תיאור_כללי"": ""מלגת רשות העתיקות מציעה סיוע לסטודנטים בלימודים, המשלבת מלגה עם הכשרה מעשית בתמורה להתנדבות בפעילויות חינוכיות, חפירות ושימור ארכיאולוגי."", ""קהל_יעד"": ""סטודנטים באוניברסיטת בן-גוריון"", ""תנאי_זכאות"": ""התנדבות בפעילויות חינוכיות, חפירות ושימור ארכיאולוגי."", ""סכום_המלגה"": ""לא צוין"", ""תאריכי_הרשמה"": ""רישום סגור"", ""התחייבויות"": ""התנדבות בפעילויות חינוכיות, חפירות ושימור ארכיאולוגי.""}"
3,https://www.bgu.ac.il/welcome/ba/scholarship-lobby/archeology-scholarship/,מלגה לתלמידי ותלמידות ארכיאולוגיה ולימודי מדינת ישראל,"{""שם_המלגה"": ""מלגה לתלמידי ותלמידות ארכיאולוגיה ולימודי מדינת ישראל"", ""תיאור_כללי"": ""רשות העתיקות, יחד עם מפעל הפיס ומשרד המורשת, מממנת מלגות ללימודים אקדמיים לתלמידי ארכיאולוגיה ושימור. מטרת המלגה היא לעודד סטודנטים להירשם לתחומים אלו, מתוך הכרה בחשיבות שימור עתיקות הארץ כנכס לאומי וחיזוק מקצוע הארכיאולוגיה."", ""קהל_יעד"": ""סטודנטים וסטודנטיות לתואר ראשון ולתואר שני."", ""תנאי_זכאות"": ""זכאים להגיש בקשות סטודנטים וסטודנטיות הרשומים ללימודי תואר ראשון בארכיאולוגיה או לימודי ארץ ישראל, וסטודנטים וסטודנטיות הרשומים ללימודי תואר שני בארכיאולוגיה או לימודי שימור."", ""סכום_המלגה"": ""10,000 ₪ (הקצאה ראשונה ע\""ס 5,000 ₪ מטעם משרד המורשת דרך רשות העתיקות, והקצאה שנייה ע\""ס 5,000 ₪ מטעם מפעל הפיס דרך מרכזי הצעירים ברשויות המוניציפליות)."", ""תאריכי_הרשמה"": ""רישום סגור."", ""התחייבויות"": ""מלגה חברתית המחייבת 140 שעות התנדבות: 120 שעות ברשות העתיקות (בתחומי החינוך, חפירות, מעבדות, שימור ופרויקטים של 'אמץ אתר'), ו-20 שעות נוספות ברשות המוניציפלית שממנה תתקבל המלגה.""}"
3,https://www.bgu.ac.il/welcome/ba/scholarship-lobby/rotshield/,ארגון שגרירי רוטשילד,"{""שם_המלגה"": ""ארגון שגרירי רוטשילד"", ""תיאור_כללי"": ""תוכנית מנהיגות תלת-שנתית, שמטרתה לאתר, ללוות, להכשיר ולרשת את דור המנהיגים והמנהיגות הבא בחברה הישראלית. תוכנית דגל של 'שותפויות אדמונד דה רוטשילד'."", ""קהל_יעד"": ""סטודנטים/ות לתואר ראשון בכל תחומי הלימוד, מהפריפריה החברתית והגיאוגרפית."", ""תנאי_זכאות"": ""השתתפות בתהליך הכשרה מעמיק ובפרקטיקום של שלוש שנים בארגוני חברה אזרחית, משרדי ממשלה, רשויות מקומיות או מיזמים חברתיים."", ""סכום_המלגה"": ""20,000 ש\""ח שנתית (מלגת לימודים ומחייה)."", ""תאריכי_הרשמה"": ""רישום סגור."", ""התחייבויות"": ""השתתפות בתוכנית מנהיגות תלת-שנתית הכוללת תהליך הכשרה מעמיק והתמחות (פרקטיקום) בארגונים חברתיים/ממשלתיים/רשויות מקומיות.""}"
3,https://www.bgu.ac.il/welcome/ba/scholarship-lobby/israel-un/,"הדור הצעיר של ישראל באו""ם","{""שם_המלגה"": ""הדור הצעיר של ישראל באו\""ם"", ""תיאור_כללי"": ""הזדמנות ייחודית לייצג את דור העתיד של ישראל בפורום הצעירים של האו\""ם בשנים 2024-2026, כחלק מתכנית UNYD (United Nations Youth Delegates). מטרתה לקדם מעורבות צעירים בנושאים גלובליים, לאפשר להם להיות חלק ממעגל מקבלי ההחלטות באו\""ם ולספק פלטפורמה להשמעת האג'נדה של דור העתיד. המיזם הוא בשיתוף משרד החוץ, ארגון מודל האו\""ם בישראל ע\""ר (IMUNA), רשות הצעירים במשרד הנגב הגליל והחוסן הלאומי ומפעל הפיס."", ""קהל_יעד"": ""סטודנטים במהלך לימודיהם או בעלי תואר, אזרחי ישראל, המעוניינים לייצג את ישראל בפורום הצעירים של האו\""ם."", ""תנאי_זכאות"": [""אזרחות ישראלית (לא לבעלי אזרחות אמריקאית)."", ""היכרות עם האתגרים העומדים בפני האוכלוסיות הצעירות בישראל ובעולם, עם סוגיות אקטואליות ואג'נדות גלובליות."", ""מוטיבציה ומחויבות גבוהה לתפקיד."", ""סטודנטים במהלך לימודיהם או בעלי תואר."", ""עברית ואנגלית ברמה גבוהה מאוד (קריאה, כתיבה ודיבור, שפה נוספת - יתרון)."", ""רקע בעשייה חברתית בכל תחום שהוא (חובה)."", ""יחסי אנוש מצוינים."", ""יכולת התנסחות ועמידה מול קהל."", ""הגשת קורות חיים, מכתב נלווה ומכתב המלצה מלאים כמפורט בהוראות."", ""רקע במודל האו\""ם אינו תנאי להגשת מועמדות.""], ""סכום_המלגה"": ""תינתן מלגה מטעם מפעל הפיס (סכום ספציפי לא צוין)."", ""תאריכי_הרשמה"": ""ניתן להגיש מועמדות עד לתאריך 6.5.2024."", ""התחייבויות"": [""המינוי הינו לשנתיים (קיץ 2024 – קיץ 2026)."", ""בכפוף לאישורים הנדרשים, השתלבות של כחודשיים (ספטמבר 2024 עד אמצע נובמבר 2024) במשלחת ישראל לאו\""ם בניו יורק, תוך השתלבות בעבודת היום-יום שלה, לרבות: השתתפות בדיונים; כתיבת ונשיאת הצהרות ונאומים; השתתפות באירועים; הפקת אירוע; השתתפות במו\""מ על החלטות עצרת ועוד."", ""לאחר החזרה לישראל, ובמשך תקופת הכהונה, התפקיד יכלול: השתתפות פעילה, סיוע והפקת פרויקטים חברתיים ופעילויות לקידום אג'נדות לאומיות וגלובליות, וקיום שיחות עם קהלים רלוונטיים ברחבי ישראל."", ""בשנה הראשונה התפקיד עשוי לדרוש שהייה רצופה בניו יורק מספטמבר 2024 ועד אמצע נובמבר 2024. תיתכן דרישה לנסיעה נוספת במהלך תקופת התפקיד."", ""השהות בחו\""ל עלולה להיות כרוכה בהיעדרות של מספר שבועות בראשית שנת הלימודים. על המועמד/ת האחריות לוודא מול מוסד הלימוד את המשמעויות."", ""היקף ומועדי השהות בחו\""ל יהיו נתונים לשיקול דעת משרד החוץ ובכפוף לאילוציו."", ""במהלך תקופת הכהונה, תידרש פעילות בארץ בכמות שעות שבועיות בהיקף שיקבע."", ""תינתן הכשרה מתאימה למועמדים ולמועמדות שייבחרו.""]}"
4,https://www.bgu.ac.il/welcome/ba/scholarship-lobby/tene/,מלגת טנא,"{""שם_המלגה"": ""מלגת טנא"", ""תיאור_כללי"": ""תוכנית סיוע כלכלי לסטודנטים בוגרי החינוך החרדי. הוקמה ע\""י המועצה להשכלה גבוהה (מל\""ג) במטרה לעודד ולסייע לסטודנטים בוגרי החינוך החרדי ללמוד לימודים אקדמיים ולסיימם בהצלחה, וזאת כחלק מסל סיוע רחב. החל משנת תשפ\""ב, עמותת אלומה היא זו שמפעילה את טנא."", ""קהל_יעד"": ""סטודנטים בוגרי החינוך החרדי"", ""תנאי_זכאות"": ""בוגר החינוך החרדי, מחולק ברמות לימודים, עמידה בתנאי סף כלכלי. מידע נוסף, קריטריונים לזכאות, רשימת מסמכים והגשת הבקשה למלגה ניתן למצוא פה >>"", ""סכום_המלגה"": null, ""תאריכי_הרשמה"": ""רישום סגור"", ""התחייבויות"": null}"
4,https://www.bgu.ac.il/welcome/ba/scholarship-lobby/eye-contact-program/,תוכנית קשר עין - לצלם את הסיפור. להשמיע את הקול.,"{""שם_המלגה"": ""תוכנית קשר עין - לצלם את הסיפור. להשמיע את הקול."", ""תיאור_כללי"": ""תוכנית ייחודית לסטודנטים ולסטודנטיות באוניברסיטת בן-גוריון בנגב, שמחברת בין עשייה חברתית, צילום אומנותי ופעולה לשינוי חברתי בנגב. מטרתה לאפשר לאוכלוסיות מגוונות בנגב לבטא את הקול שלהן באמצעות פלטפורמה אומנותית של צילום, שתוצג בתערוכה מסכמת מרגשת. לצד זאת, התוכנית מעודדת את הסטודנטים לפתח מודעות חברתית, חשיבה ביקורתית ואקטיביזם המוביל לפתרונות בסוגיות חברתיות."", ""קהל_יעד"": ""סטודנטים וסטודנטיות לתואר ראשון או שני באוניברסיטת בן-גוריון בנגב."", ""תנאי_זכאות"": ""גישה חברתית ורגישות אנושית, אהבה לאנשים וליצירה, רצון להשפיע בקהילה, סקרנות, יוזמה ופתיחות לעבודה עם אוכלוסיות מגוונות. לא נדרש ניסיון קודם בצילום."", ""סכום_המלגה"": ""10,000 ש\""ח לשנה"", ""תאריכי_הרשמה"": ""רישום סגור"", ""התחייבויות"": ""כ־120 שעות שנתיות משולבות צילום, עשייה חברתית ולמידה יצירתית. התוכנית כוללת שלושה חלקים: תהליך Photovoice (הכשרה ויצירה משותפת עם הקהילה), פעילות שוטפת במסגרת הקהילתית (כ־50 שעות פעילות), ויזמות חברתית ליצירת פתרונות אמיתיים בקהילה.""}"
