מספר קורס,שם קורס,"נק""ז",קורסי חובת מעבר,2025 A,2025 B,2024 A,2024 B
68110049,עקרונות השיווק  ניהול משאבי אנו ש   או,3.0,68112071,85.9,82.39,86.23,89.65
20119711,"חדו""א 1 להנדסה",5.0,,73.54,60.0,,
20411571,כימיה בסיסית להנדסה,4.5,,70.23,Label Not Found,,
90055001,לומד ה להכר ת החוק והנהלים למניעת הטרדה מינית,0.0,,Label Not Found,Label Not Found,,
36511021,תורת החומרים1,4.0,,72.98,Label Not Found,81.36,55.67
36514965,גרפיקה ממוחשב ת הנדסית,1,,86.13,Label Not Found,92,
20119321,מבוא לאלגברה ליניארית להנדסה,4.5,,73.95,81.72,,
20119721,"חדו""א 2 להנדסה",5.0,20119711,Label Not Found,74.29,,
36512111,תרמודינמיקה1,4.0,"36511021, 20411571",Label Not Found,81.82,85.94,82.81
20311383,מעבדה א' 1 בפיסיקה לתלמידי הנדסת חומרים,1.5,,,86.16,,88.72
20311391,פיסיקה 1 ב' **,3.5,"20311383, 20119711",76.06,79.05,75.09,88.77
36512011,תורת החומרים2,3.5,36511021,Label Not Found,75.05,,
36512300,שיטות מדידה,1,,Label Not Found,95.75,,96.71
36513432,ישומי מחשב להנדסה,1,,Label Not Found,85.26,,92.11
90052002,הדרכת בטיחות כימית וביולוגית (קורס מקוון),0.0,,Label Not Found,Label Not Found,,
20119091,מבוא להסתברות א',2.5,20119711,73.47,Label Not Found,82.85,
20119171,מבוא למשוואות דיפרנציאליות להנדסת חומרים,4.5,"20119721, 20119321",85.38,Label Not Found,93.33,
20311491,פיסיקה 2 להנדסה,3.5,20311391,61.91,62.2,,
20411583,כימיה בסיסית להנדסה מעבדה,1.5,20411571,87.07,Label Not Found,95.82,
36512313,מעבדת חומרים1,1.5,"36511021, 36512011, 90052002",88.71,Label Not Found,88.18,
20312421,פיסיקה 3 להנדסה,2.5,20311391,81.64,Label Not Found,86.37,
36513123,תורת החוז ק למהנדסי חומרים,3.5,20311391,78.85,Label Not Found,90.33,
20119421,מבוא לסטטיסטיקה א',2.5,20119091,Label Not Found,73.53,,82.87
20311483,מעבדה א 2 בפיסיקה לתלמידי הנדסת חומרים,1.5,20311383,Label Not Found,93.53,,92.45
36514009,גלים ואופטיקה לחומרים,2.5,"20311491, 20119171",Label Not Found,69.41,,81
36513841,תכונות פיזיקליות של חומרים,3.5,"36512011, 36512111, 36513111, 20119171",Label Not Found,77.97,,86.31
36513015,מבוא למטלורגיה פיסיקלית ומכנית,3.5,"36511021, 36512011, 36512111",Label Not Found,86.0,,83.74
36514441,דיפרקציית קרניX,3.5,36511021,Label Not Found,71.76,,78.89
36512121,תרמודינמיקה 2,4.0,36512111,Label Not Found,88.92,,82.25
36512323,מעבדת חומרים2,1.5,36512313,Label Not Found,92.73,,91.11
36512211,תהליכים 1,3.5,"36512111, 36512121",82.92,Label Not Found,89.78,84.75
36513842,מעבר חום וחומר,3.5,"20119171, 20312421, 36512111",78.54,Label Not Found,76.53,74.7
36513313,מעבדת חומרים3,1.5,36512323,94.08,Label Not Found,96,
36514005,כימיה ש ל חומרים,3.5,"20411571, 36513841, 36512121, 20312421",79.48,Label Not Found,89.66,72.75
36513025,מטלורגיה פיסיקלית מתקדמת,3.5,"36512121, 36513015",88.13,Label Not Found,93.35,98.33
36513142,תכונות אלקטרוניות של חומרים,2.5,36513841,76.25,Label Not Found,91.35,
36514791,חומרים קרמיים,3.5,"36512011, 36512121",78.51,Label Not Found,,
37111672,תכנות הנדסי בשפת פייתון,4.0,,Label Not Found,Label Not Found,75.96,
36512221,תהליכים2,3.0,"36512211, 36511021, 36512011",Label Not Found,83.42,,88.13
36513122,תכונות מכניות של חומרים,3.5,"36513123, 36512011",Label Not Found,87.15,,85.94
36513211,פולימרים,3.5,,Label Not Found,93.33,,91.94
36513323,מעבדת חומרים4,1.5,36513313,Label Not Found,93.78,,94.88
36513471,אפיון חומרים,3.5,"36511021, 36512011",Label Not Found,93.5,,84.87
36514996,חומרים במבנה ננומטרי ושימושים טכנולוגיים,2.5,"20312421, 36513841",Label Not Found,78.58,,75
36514771,התנהגות סביבתית,3.5,20411571,Label Not Found,83.33,,87.63
36513491,בחירת חומרים,3.0,"36511021, 36512011, 36513015, 36513123",93.4,Label Not Found,,
36514023,מעבדת חומרים מתקדמת6,1.5,36513323,91.34,Label Not Found,92.24,
36514141,התקני מוליכים למחצה ומבנה,3.5,"36513142, 20312421",Label Not Found,78.23,80.59,
36514131,טכנולוגיה מוליכים למחצה,3.0,,83.23,Label Not Found,95.13,
36514153,מעבדת מוליכים למחצה,1.5,,93.21,Label Not Found,94.47,
36514343,מעבדה טכנולוגית והתקנים מיקרו אלקטרוניים,1.5,36514153,Label Not Found,93.54,,95.67
36514891,חומרים אופטואלקטרוניים,,,93.4,Label Not Found,,
36514997,מבוא להנדסת חומרים חישובית,,,84.31,Label Not Found,93.25,
36514008,גשרים בין אומנות מתמתיקה ומדעי הטבע: פולרינים מבנים פוליהדרלים וסימטריה,,,96.73,Label Not Found,98.12,
36514002,עקרונות ושיטות ניסוייות במדע והנדסת החומרים,,,92.42,Label Not Found,89.04,
37214509,ישומי בינה מלאכותית וכריית מידע להנדסה,,,85.38,Label Not Found,90.54,
36515004,טיפולי פני שטח לשיפור תכונות החומר,,,Label Not Found,Label Not Found,,
36514994,תופעות טרנספורט בחומרים,,,Label Not Found,83.64,,92.1
36514007,חשיבה הנדסית,,,Label Not Found,96.64,,95.25
36514411,בדיקות אל הרסניות,,,Label Not Found,79.77,,75.44
36515003,"מבוא לשיטות מטרולוגיה ובקרת תהליכים בטכנולוגיית מל""מ",,,Label Not Found,Label Not Found,,
36411251,ניהול פרוייקטים,3,,86.36,86.83,87.08,89.4
36411071,תכנון ניסויים וניתוח שונות,3.5,,87.59,Label Not Found,88.7,
36714871,ביוסנסורים,3,,93.93,Label Not Found,94.81,
36714531,ביו אלקטרוכימיה,3.5,,Label Not Found,Label Not Found,,
90010064,יזמות וחדשנות בפיתוח טכנולוגיות בתחומי הרפואה והבריאות,3,,93.96,93.18,94.54,
20411111,מבוא לכימיה אנליטית א,4.0,,66.0,Label Not Found,74.26,
20411121,כימיה כללית א,5.0,,70.26,Label Not Found,68.89,
36311011,מבוא להנדסה כימית,2.5,,75.19,Label Not Found,86.04,
20414271,כימיה אורגנית להנדסה כימית א-1,4.0,20411121,Label Not Found,69.95,,73.28
36311021,מאזני חומר ואנרגיה,4.0,36311011,Label Not Found,59.43,,53.95
36311051,מבוא לתכנות למהנדסים בפייתון,3.5,,Label Not Found,77.3,,
36312051,התא,2.5,,Label Not Found,74.83,,80
20119271,מבוא למשוואות דיפרנציאליות רגילות להנדסה כימית,4.5,"20119721, 20119321",80.39,Label Not Found,83.17,
20311563,מעבדה א1 בפיסיקה לתלמידי הנדסה כימית,1.5,20311391,86.98,Label Not Found,88.24,
20411133,כימיה כללית ואנליטית מעבדה להנדסה כימית,3.0,20411111,85.95,Label Not Found,86.26,
20415271,כימיה אורגנית להנדסה כימית א2,2.5,20414271,73.18,Label Not Found,78.46,
36312041,עקרונות פיסיקליים בהנדסה כימית,3.5,"20311491, 20311391, 36311021",72.68,Label Not Found,78.63,
36313051,תרמודינמיקה1,4.0,"36311021, 20411121",76.61,Label Not Found,83.12,
20412743,כימיה אורגנית מעבדה ב,2.5,"20411133, 20413271",Label Not Found,86.93,,86.51
20412881,כימיה פיסיקלית לתלמידי הנדסה כימית וננוטכנולוגיה,2.5,"20119711, 20411121",Label Not Found,86.27,,89.81
36213071,שיטות סטטיסטיות בהנדסה,4.0,20119721,Label Not Found,81.84,,
36312011,תופעות מעבר להנדסה כימית 1: מעבר תנע,5.0,"36311021, 20119271, 20311391, 36312041",Label Not Found,79.35,,67
36313061,תרמודינמיקה 2,4.0,36313051,Label Not Found,77.18,,70
20412561,מבוא לאלקטרו כימיה שימושית,2.5,"20119721, 20311491, 20412881, 20412431",90.16,Label Not Found,92,
36312021,תופעות מעבר להנדסה כימית 2: מעבר חום,4.0,"36312011, 20311491, 36313061",78.06,Label Not Found,84,
36313011,תופעות מעבר להנדסה כימית 3: מעבר חומר,4.0,36312021,67.24,Label Not Found,76,
36313161,מבוא לחומרים,3.5,36313061,85.03,Label Not Found,91,
36313561,אנליזה נומרית בהנדסה כימית,2.5,36311051,Label Not Found,Label Not Found,,
36912051,עקרונות ביוכימיה א' לביוטכנולוגיה,3.5,20415271,85.69,Label Not Found,82,
20412643,כימיה פיסיקלית מעבדהב,2.0,"20311491, 20411133",Label Not Found,93.41,,92.36
36313023,מעבדה בהנדסה כימית 1,2.0,36312021,Label Not Found,93.43,,91.7
36313231,תכנון וניתוח של ריאקטורים,4.0,"36313011, 36313061",Label Not Found,65.61,,72.54
36314081,תהליכי הפרדה בהנדסה כימית,4.0,36313011,Label Not Found,87.64,,75.4
36314561,מבוא לתורת הפולימרים,3.5,"20415271, 36313061",Label Not Found,80.2,,82
36313033,מעבדה בהנדסה כימית2,2.0,"36314081, 36313231, 36313023",91.18,Label Not Found,,
36314011,דינמיקה ובקרה,2.5,"20119271, 36312021",82.14,Label Not Found,,86.3
36314061,תכנון תהליכים ופרויקט הנדסי1,3.5,"36313011, 36313231",96.19,Label Not Found,96.45,
36314033,מעבדה לבקרה,2.0,36314011,Label Not Found,85.74,,87.5
36314071,תכנון תהליכים ופרויקט הנדסי2,3.5,36314061,Label Not Found,94.4,,96.18
68110043,מבוא להתנהגות ארגונית מיקרו,3.0,,80.07,Label Not Found,83.57,
68110123,אתיקה בהנדסה,1.0,,Label Not Found,83.47,,85.6
68110265,Basic Entrepreneurship Course**,2.0,,Label Not Found,83.39,,87.7
68112041,מבוא לשיווק,3.0,,84.21,85.05,84.3,91.3
36313201,חומרים מוליכים למחצה מבנה ותכונות,3.0,,Label Not Found,94.31,,90
36313202,כימיה של המים בהנדסה כימית סביבתית,3.0,"20412881, 36311021",Label Not Found,Label Not Found,88.9,
36313482,מבוא להנדסה אלקטרוכימית ואנרגיה במאה ה- 12,3.0,,Label Not Found,75.38,,92.10
20412431,אור וגלים – קדם לספקטרוסקופיה למהנדסים כימיים** + ***,2.5,"20119721, 20311491",88.38,Label Not Found,86.67,
36313261,גיבוש מתמיסות וביומינרליזציה,3.0,36313011,Label Not Found,91.6,,93.9
36313341,מבוא להנדסת ביוחומרים,3.0,36313061,Label Not Found,90.59,,
36914082,ביוראקטורים ב',3.0,36313231,Label Not Found,84.41,,84
36314153,עבודת מחקר לתלמידי הסמכה 1,4.5,"36313011, 36314173",95.57,Label Not Found,93.2,
36314163,עבודת מחקר לתלמידי הסמכה 2,4.5,36314153,Label Not Found,95.57,,93.2
36314173,מבוא לחשיבה מדעית ביקורתית,3.0,,Label Not Found,99.2,,96.8
36313203,מדעי הנתונים ושיטות סטטיסטיות עם למידת מכונה לפתרון בעיות תעשייתיות,3.0,36213071,Label Not Found,Label Not Found,,
68110252,יזמות היי-טק,3.0,,Label Not Found,83.69,,83.9
68110254,"סדנה בינ""ל בייעוץ אסטרטגי במסגרת הקורס יזמות הייטק",2.0,,Label Not Found,90.55,,
90010063,יזמות וחדשנות בבעיות הנדסיות וניהוליות,3.0,,Label Not Found,Label Not Found,,
36313071,מבוא להתקנים של מיקרואלקטרוניקה,3.0,,Label Not Found,Label Not Found,,91.33
36313351,המרת אנרגיה אלקטרוכימית,3.0,,Label Not Found,Label Not Found,,
36313471,מבוא למשטחים פונקציונליים ננומטריים ומולקולריים,3.0,,Label Not Found,Label Not Found,95.32,
36323161,ננוחומרים,3.0,,Label Not Found,Label Not Found,,95
36323163,התארגנות עצמית של חומרים מולקולריים וקולואידים,3.0,,No Grade Found,Label Not Found,,
36610102,מבוא לתורת הכורים הגרעיניים,3.5,,88.03,Label Not Found,96.48,
36610106,תהליכים כימיים במעגל הדלק הגרעיני,3.0,,Label Not Found,Label Not Found,,
36713461,תיכון אלמנטיים סופיים,3.0,,88.88,Label Not Found,90.76,
36912171,מיקרוביולוגיה של מים,3.0,,Label Not Found,89.75,,89.4
37625011,בקרת זיהום מים,3.0,,92.64,Label Not Found,90.2,
37626231,תהליכי ממברנות,3.0,,Label Not Found,94.11,,91.17
37627111,בקרת זיהום אוויר א',3.0,,92.0,Label Not Found,92.57,
37822039,חיבור מים ואנרגיה,3.0,,96.4,Label Not Found,,94.6
36313431,פיסיקה של מערכות חיידקים מורכבות,3.0,,94.5,Label Not Found,,
36325501,ביופולימרים,3.0,,Label Not Found,Label Not Found,,
36225362,מכניקה – מבנה של חומרים ביולוגיים,3.0,,Label Not Found,Label Not Found,94+,
36514999,ביו חומרים,3.0,,Label Not Found,Label Not Found,93.3,
36713131,מכניקה של תאים,3.0,,86.18,Label Not Found,85,
36714211,תכונות מכניות של רקמות חיות,3.0,,Label Not Found,Label Not Found,,
47028080,שיטות מעבדה מתקדמות במדעי הביו,3.0,,Label Not Found,Label Not Found,,
36313271,ננו מבנים בחומרים רכים,3.0,,Label Not Found,Label Not Found,,
36313481,מבוא לאנרגיה סולארית ותאים פוטו- וולטאיים,3.0,,Label Not Found,Label Not Found,,
36325491,מבוא לתהליכים אקראיים ותרמודינמיקה בחוסר שיווי משקל,3.0,,Label Not Found,Label Not Found,,
20428015,מבוא למיקרוסקופיה אלקטרונית למדעי הטבע,2.0,,Label Not Found,Label Not Found,78.4,
36214704,מבוא לאינטרקציית זורם - מבנה,3.0,,75.67,Label Not Found,,87.5
36514611,מבוא למיקרוסקופיה אלקטרונית,3.0,,Label Not Found,Label Not Found,80.67,
41112111,אנטומיה,2.5,,94.2,Label Not Found,87.9,91
36711671,תכנות הנדסי,4,,78.11,Label Not Found,,
36711031,מבוא להנדסה ביורפואית,1,,Label Not Found,Label Not Found,,
41111021,כימיה אורגנית,3,50051012,Label Not Found,79.92,,87
41111025,ביוכימיה וביולוגיה של התא,3,"41111021, 50051012",Label Not Found,92.31,,86.7
36712043,מעבדה בהנדסה ביורפואית 1 תהליכים,1.5,"41111025, 50051012",Label Not Found,89.37,,88.49
20311593,מעבדה בפיסיקה,1.5,20311391,88.72,Label Not Found,,
36712323,MATLAB,1,"20119521, 20119671, 37111671",88.01,Label Not Found,89,
20112021,אנליזת פורייה ומערכות אורתונורמאליות לתלמידי פיזיקה,3.5,"20119681, 20119521",75.32,Label Not Found,74,
41113606,פיזיולוגיה הומנית א',4,41111025,82.04,Label Not Found,82.67,97
36712131,תרמודינמיקה,4,"20311391, 20119831",Label Not Found,70.12,,80
36712151,תורת המעגלים החשמליים,4,"20119631, 20311491, 20112021, 36712323, 20119521",Label Not Found,65.48,,
36712061,כימיה פיזיקלית,4,"36712131, 20119681, 41111025",Label Not Found,91.37,,
36713581,מבוא לתורת הבקרה,4,"20311391, 20110071, 36712151, 36714241, 36712323, 20112021, 20119521",78.66,Label Not Found,,
36712311,זרימה,4,"20119631, 20110101, 20311391",87.85,Label Not Found,95,
36712093,מעבדה בהנדסה ביורפואה,2,"36712151, 20110071, 36714241",91.21,Label Not Found,93,92
36713301,מכשור רפואי,3.5,"36714241, 36712151",80.8,Label Not Found,81.6,
36714221,אופטיקה וגלים,3.5,"20110101, 20110071, 36712151, 36714241, 36712323, 20119521",67.98,Label Not Found,83,
36714361,חישוב ואנליזה סטטיסטית1,4,"20119831, 20119521, 36712323, 15315051, 20119631",Label Not Found,84.48,,92.6
41113616,פיזיולוגיה הומנית ב',4.5,"41113606, 20119671, 20119521, 20111491, 20119681",Label Not Found,67.67,,73.8
36713063,מעבדה בהנדסה ביורפואית 3,2,"36714361, 36713301, 36712093, 36712323",Label Not Found,92.37,,92.8
36713431,סמינר,0.5,,Label Not Found,Label Not Found,,
36714083,מעבדה בעיבוד אותות פיסיולוגיים,1.5,"36713063, 36714651, 41113616, 36714361",95.11,Label Not Found,88.6,
41113061,מבוא לתהליכים אקראיים1,4,"20119521, 20119681, 20110071, 20119831",64.59,Label Not Found,88.1,
36714281,עיבוד תמונה,3,36714661,86.33,Label Not Found,82,
36726351,נושאים מתקדמים בעיבוד אותות פיזיולוגיים,3,"36714651, 20119831",90.5,Label Not Found,90.5,
36714661,עיבוד ספרתי של אותות,3.5,36714241,Label Not Found,65.16,,59.3
36714651,עיבוד אותות פיזיולוגיים,4,"20119831, 36714241",Label Not Found,82.38,,77.9
36714521,למידה חישובית ומדעי הנתונים הביורפואיים,3,"36713461, 36712323, 20119831, 20119521",Label Not Found,89.56,,89.5
36713761,מערכות ספרתיות ומבנה מחשב,3,,Label Not Found,87.86,,90
36713073,מעבדה בביוחומרים וביואלקטרוניקה,1.5,36713063,Label Not Found,Label Not Found,,
36714391,שיטות בפרוטזות עצביות,3,"41112111, 20311491, 41113606, 41113616, 36714241",Label Not Found,Label Not Found,,
36713531,חוזק חומרים להנדסה ביורפואית,4,"20119521, 20119681",75.15,Label Not Found,91,
36713231,מעבר חום וחומר1,4,"36712131, 36712311, 20110101, 20119681",Label Not Found,Label Not Found,,
36713331,גרפיקה הנדסית ממוחשבת,2,,Label Not Found,85.14,,93.35
36712811,"עיצוב מכשור רפואי- שימושיו ת, שמישות ונראות",3,,Label Not Found,96.14,,94.78
36714181,ביוחומרים,4,"36712131, 36712311",Label Not Found,95.34,,89.7
36714061,מכניקה ודינמיקה של מערכות ביולוגיות רב-תאיות,3,36712311,Label Not Found,95.22,,95
36714591,ביואלקטרוכימיה,4,36712061,Label Not Found,96.75,,
36713043,מעבדה בביומכניקה,1.5,"36713531, 36713063",91.15,Label Not Found,93.15,86.0
36714971,מבוא לרובוטיקה ויישומים להנדסה ביורפואית2,3.5,"36713581, 36712323, 20311491",Label Not Found,84.87,Label Not Found,92.21
36714431,מודלים של המערכת המוטורית,3,"41113616, 41113606",Label Not Found,93.83,Label Not Found,Label Not Found
19710103,נוירואנטומיה תפקודית א',2,,90.18,Label Not Found,86.92,Label Not Found
19710093,"מבוא לדימות מוח האדם: הדמיה מבנית ותפקודית )IRMf ,IRM(",2,,91.35,Label Not Found,90.11,Label Not Found
47028273,מודלים של נוירונים ורשתות3,3,,90.5,Label Not Found,93.5,Label Not Found
36725631,"מציאות מועצמת ומדומה למחקר, טיפול ושיקום3",3,,90.26,Label Not Found,91.39,Label Not Found
20517924,מבוא לרשתות נוירונים,2,,Label Not Found,92.37,Label Not Found,92.34
19710113,נוירואנטומיה תפקודית ב',2,,Label Not Found,88.75,Label Not Found,86.59
36725741,חישה ותפישה של מג ע3,3,,Label Not Found,95.67,Label Not Found,Label Not Found
41113031,מהנדסים פתרונות: אתגרי הרפואה,3.5,41113606,97.0,Label Not Found,Label Not Found,Label Not Found
41112211,גנטיקה מולקולרית,3,41111025,83.12,Label Not Found,87.08,Label Not Found
41113321,פתולוגיה כללית ומערכות,3,,Label Not Found,95.29,Label Not Found,96.14
47028008,"רשתות נוירונים: זיכרון, למידה וקידוד עצבי",3,,Label Not Found,96.33,Label Not Found,88.67
20119551,אלגברה ליניארית להנדסת ביוטכנולוגיה,3.5,,69.19,Label Not Found,79.48,Label Not Found
36911041,מבוא להנדסת תהליכים בביוטכנולוגיה א',4,,73.37,Label Not Found,62.98,Label Not Found
36912011,כימיה כללית א להנדסת ביוטכנולוגיה,4,,74.61,Label Not Found,81.14,Label Not Found
36913011,התא,3.5,,73.21,Label Not Found,80.95,Label Not Found
20119571,"חדו""א 2 להנדסת ביוטכנולוגיה",5,20119711,Label Not Found,85.3,Label Not Found,82.11
20119581,משוואות דיפרנציאליות רגילות להנדסת ביוטכנולוגיה,3.5,"20119571, 20119551, 20119711",Label Not Found,75.51,Label Not Found,83.16
36911042,מבוא להנדסת תהליכים בביוטכנולוגיה ב',4,36911041,Label Not Found,74.02,Label Not Found,50.51
36912021,כימיה כללית ב' להנדסת לביוטכנולוגיה,2.5,36912011,Label Not Found,84.56,Label Not Found,90.24
36912032,עקרונות כימיה אורגנית להנדסת ביוטכנולוגיה,4,36912011,Label Not Found,80.52,Label Not Found,79.12
20119591,משוואות דיפרנציאליות חלקיות להנדסת ביוטכנולוגיה,3.5,20119581,81.49,Label Not Found,83.85,Label Not Found
36911002,מעבדה בכימיה כללית וחומרי טבע להנדסת ביוטכנולוגיה,2.5,"36912032, 36912021",87.84,Label Not Found,88.7,Label Not Found
36911012,מבוא להסתברות וסטטיסטיקה,3.5,,57.89,Label Not Found,77.67,Label Not Found
36912121,עקרונות פיסיקה 2 להנדסת ביוטכנולוגיה,3.5,20311391,76.95,Label Not Found,74.44,Label Not Found
36914031,עקרונות תרמודינמיקה להנדסת ביוטכנולוגיה,3.5,"36912121, 20119571, 36912021, 36911042",81.17,Label Not Found,91.62,Label Not Found
36914041,עקרונות זרימה להנדסת ביוטכנולוגיה,3.5,"20119591, 20119581, 20119571, 36911042",79.25,Label Not Found,82.7,Label Not Found
36911003,מעבדה בביוכימיה,1,"36912061, 36912051",Label Not Found,76.64,Label Not Found,72.09
36911004,מעבדה במיקרוביולוגיה,1,36913041,Label Not Found,80.51,Label Not Found,86.4
36912061,עקרונות ביוכימיה ב להנדסת ביוטכנולוגיה,3.5,36912051,Label Not Found,77.57,Label Not Found,73.38
36912071,עקרונות כימיה פיסיקלית להנדסת ביוטכנולוגיה א',2.5,"20119581, 36912021, 36914031, 36914041, 36911042",Label Not Found,84.76,Label Not Found,93.47
36913041,מיקרוביולוגיה כללית להנדסת ביוטכנולוגיה,2.5,36913011,Label Not Found,82.86,Label Not Found,81.75
36914051,עקרונות מעבר חום להנדסת ביוטכנולוגיה,2.5,"36914052, 20119591, 36914031, 36914041, 36911042",Label Not Found,77.47,Label Not Found,86.41
36914052,עקרונות מעבר חומר להנדסת ביוטכנולוגיה,3.5,"36914051, 20119711, 36914031, 36914041, 36911042",Label Not Found,78.29,Label Not Found,72.88
36911016,מפגשים בנושאי מחקר ותעשיה לקראת פרויקט גמר,0,,Label Not Found,Label Not Found,Label Not Found,Label Not Found
36912072,עקרונות כימיה פיסיקלית להנדסת ביוטכנולוגיה ב',3.5,36912071,78.92,Label Not Found,91.92,Label Not Found
36913013,מערכות צמחיות להנדסת ביוטכנולוגיה,3.5,36913011,88.82,Label Not Found,92.09,Label Not Found
36913171,גנטיקה קלאסית ומולקולרית,4,36912061,79.84,Label Not Found,87.16,Label Not Found
36914081,ביוראקטוריםא,4,"36912071, 36914051, 36914052",79.09,Label Not Found,88.45,Label Not Found
36913151,פיזיולוגיה כללית והיבטים ביוטכנולוגים להנדסת ביוטכנולוגיה * יינתן באנגלית,3,,82.31,Label Not Found,86.44,Label Not Found
36911093,מעבדה בפרמנטציה והפרדה,1,"36914171, 36914082, 36914081",Label Not Found,82.16,Label Not Found,82.32
36912151,אימונולוגיה לביוטכנולוגיה,2.5,,Label Not Found,87.35,Label Not Found,82.23
36913061,הנדסה גנטית להנדסת ביוטכנולוגיה,2,36913171,Label Not Found,82.42,Label Not Found,82.09
36914061,מבוא לחומרים להנדסת ביוטכנולוגיה,2.5,"36914031, 36912111",Label Not Found,78.65,86.53,Label Not Found
36911681,תכנות הנדסי בשפת פייטון,4,,Label Not Found,84.64,Label Not Found,Label Not Found
36914171,תהליכי הפרדה להנדסת ביוטכנולוגיה,4,"36911093, 36912071, 36914052",Label Not Found,78.33,Label Not Found,84.19
36911005,מעבדה בהנדסה גנטית,1,"36913061, 36911004",80.22,Label Not Found,79.88,Label Not Found
36911008,מעבדת תהליכים ביוטכנולוגיים,1,"36914051, 36914171",Label Not Found,92.44,92.86,Label Not Found
36926473,מקרוסקופיית אור והדמאה דיגיטלית + מעבדה,3.5,,Label Not Found,95.0,Label Not Found,75.0
36911061,וירולוגיה: הכרת עולם הנגיפים,2,,Label Not Found,76.0,Label Not Found,45.0
36917753,פרקים נבחרים במעבר אותות בתא,3,,Label Not Found,Label Not Found,93.81,Label Not Found
36914231,תרופות חדשניות ממקור ימי,2,,Label Not Found,Label Not Found,Label Not Found,Label Not Found
36913091,ביוטכנולוגיה ואתיקה רפואית,3,,Label Not Found,Label Not Found,Label Not Found,Label Not Found
36914261,ביולוגיה וביוטכנולוגיה של תאים סרטניים,3,,Label Not Found,96.46,Label Not Found,92.58
36914271,אבולוציה מכוונת,3,,Label Not Found,Label Not Found,Label Not Found,Label Not Found
36925391,ביודילקים ואנרגיית ביו-מסה,3.5,,Label Not Found,Label Not Found,Label Not Found,Label Not Found
36926451,גישות מולקולאריות לאקולוגיה מיקרוביאלית,3,,94.36,Label Not Found,Label Not Found,Label Not Found
37626172,מודלים מתמטיים של מערכות נוזל/מוצק,2,,Label Not Found,Label Not Found,Label Not Found,Label Not Found
37626171,מודלים מתמטיים של מערכות אויר,2,,91.71,Label Not Found,89.5,Label Not Found
36926638,סדנא בתעשיית אנרגיה,2,,Label Not Found,Label Not Found,Label Not Found,Label Not Found
36926636,חומרים פעילי שטח,3,,Label Not Found,Label Not Found,Label Not Found,Label Not Found
36926637,מינרלים ביולוגיים וביוממטיקה,2,,Label Not Found,Label Not Found,Label Not Found,Label Not Found
36926633,טיפול בנתונים מספריים בביו,3,,Label Not Found,85.0,Label Not Found,84.5
36911007,מעבדה בתרביות תאים אנימליות,2,,Label Not Found,Label Not Found,Label Not Found,Label Not Found
36925061,"פפטידים: מבנה, פעילות ויישומים",3,,94.2,Label Not Found,95.02,Label Not Found
36926611,ביוחשניים מתקדמים,3,,Label Not Found,Label Not Found,Label Not Found,Label Not Found
36925081,עקרונות תרמודינמיקה סטטיסטית בביוחומרים וחומר רך,3,,98.33,Label Not Found,95.0,Label Not Found
36922171,פרקים נבחרים בדינמיקה תוך תאית ושל חומר רך,3,,Label Not Found,Label Not Found,Label Not Found,Label Not Found
36911131,פרמקולוגיה,2,,Label Not Found,87.58,Label Not Found,87.38
36926351,הרחבת הקוד הגנטי,3,,Label Not Found,Label Not Found,Label Not Found,Label Not Found
36922221,מבוא לפיסיקה ביולוגית,3,,Label Not Found,93.67,Label Not Found,Label Not Found
36912161,"מערכת העצבים המרכזית וההיקפית: ביולוגיה קלינית, שיטות מחקר וביוטכנולוגיה",2,,Label Not Found,Label Not Found,Label Not Found,Label Not Found
36913181,יזמות ביוטכנולוגית והיבטים משפטיים- יינתן באנגלית,3,,Label Not Found,Label Not Found,95.67,Label Not Found
36915061,תאי גזע: התפתחות וסרטן,3,,Label Not Found,Label Not Found,Label Not Found,Label Not Found
36914281,סנסורים בחקלאות ומזון,2,,Label Not Found,94.78,Label Not Found,96.43
36911161,טכנולוגיה של חלב ומוצריו,2,,Label Not Found,88.09,Label Not Found,93.74
36911181,"מיקרואורגניזמים וחומרים באמנות, ארכיאולוגיה ואדריכלות",2,,Label Not Found,Label Not Found,93.06,Label Not Found
36923291,אתנומיקולוגיה וביוטכנולוגיה של פטריות,3,,Label Not Found,94.91,96.44,Label Not Found
36914323,מיקרוסקופיית אור,3.5,,Label Not Found,76.5,Label Not Found,73.33
36914311,טיפול בנתונים מספריים לביו,3,,Label Not Found,75.0,Label Not Found,80.67
36911191,בינה תפעולית,2,,95.15,Label Not Found,Label Not Found,93.15
37211101,מבוא למע' מידע ושימושי מחשב,3.5,,82.56,Label Not Found,86.7,Label Not Found
37211111,מבוא למדעי המחשב בשפת (פייטון),5.0,,72.85,Label Not Found,77.51,89.25
90015001,לומדה להכרת החוק למניעת הטרדה מינית,0,,Label Not Found,Label Not Found,Label Not Found,Label Not Found
20119111,מתמטיקה דיסקרטית,6.0,,Label Not Found,80.26,Label Not Found,84.16
20119761,"חדו""א 2 להנדסת מערכות תוכנה ומידע",4.0,20119711,Label Not Found,80.95,Label Not Found,85.03
37211021,מבוא להסתברות,3.5,"20119711, 37211111",Label Not Found,72.95,Label Not Found,76.23
37211115,מבני נתונים,5.0,37211111,Label Not Found,76.06,Label Not Found,80.06
37211131,מבוא לתכנות מונחה עצמים,1.5,37211111,Label Not Found,92.39,Label Not Found,94.49
37212021,אמידה ומבחני השערות,3.5,37211021,83.57,Label Not Found,83.85,70.0
37212051,אלגוריתמים,4.0,"37211115, 20119111",78.1,Label Not Found,82.58,75.0
37212102,תכנות מתקדם,4.5,"37211111, 37211115",71.81,Label Not Found,79.12,87.0
37212501,מבנה מערכות מחשוב,3.5,"37211115, 20119111",80.76,Label Not Found,86.46,Label Not Found
38213305,בסיסי נתונים,3.5,37211115,84.24,Label Not Found,82.47,80.0
14213141,מבוא לכלכלה,3.5,,89.11,86.46,90.5,91.04
37213041,מבוא לתקשורת נתונים*,3.5,"37211117, 37212051, 37211021",83.25,Label Not Found,90.97,94.0
37213501,הנדסת איכות תוכנה,3.5,37212102,82.93,Label Not Found,88.18,79.2
37213502,מבוא לבינה מלאכותית,3.5,"37212102, 37212306",86.72,Label Not Found,88.37,88.33
37214406,אחזור מידע,3.5,"37212051, 20119321",77.37,Label Not Found,83.24,85.9
38213051,למידה חישובית*,5.0,37213021,81.56,81.94,89.16,93.0
37212402,סביבות פיתוח באינטרנט,3.0,"37211101, 38213305, 37212104",Label Not Found,85.55,Label Not Found,86.85
37212801,מנשקי אדם-מחשב,3.0,37211101,86.4,Label Not Found,Label Not Found,90.92
37213601,סדנת הכנה לפרויקט,2.0,"37213501, 37213801",Label Not Found,89.99,Label Not Found,93.45
37214108,ניהול פרויקטי תוכנה,3.0,"37211021, 37213801",Label Not Found,88.81,87.63,Label Not Found
37214601,אבטחת מחשבים ורשתות תקשורת,3.5,"38213305, 37213041, 37211117",Label Not Found,85.29,Label Not Found,87.94
37214902,ניתוח וקבלת החלטות במערכות מידע,3.0,37211021,Label Not Found,89.59,Label Not Found,90.42
38213602,אתיקה של מדעי הנתונים,2.0,"37211101, 37211021",Label Not Found,90.42,Label Not Found,84.96
38212603,נתוני עתק )ataD giB(,3.5,38213305,81.58,Label Not Found,Label Not Found,Label Not Found
68111051,מדעי התנהגות במנהל,3.0,,88.65,Label Not Found,90.16,91.44
38211111,מבוא למדעי המחשב בשפת (פייטון),5.0,,70.56,Label Not Found,76.73,94.0
38211101,מבוא להנדסת הנתונים,3.5,,83.24,Label Not Found,82.94,90.0
38212201,מבוא לסטטיסטיקה,3.5,37211021,85.34,Label Not Found,86.63,Label Not Found
38212705,אנליזה נומרית ואופטימיזציה,3.5,"20119321, 20119711",85.77,Label Not Found,92.98,90.0
37212306,מודלים חישוביים,3.5,"37212051, 37211115",Label Not Found,79.08,Label Not Found,85.81
38212601,מבוא לניתוח נתונים,3.5,"38211111, 37211115",Label Not Found,87.88,Label Not Found,90.73
20311651,פיזיקה מודרנית לתלמידי הנדסת תוכנה,3.5,"20119711, 20119321",Label Not Found,75.0,Label Not Found,79.44
37211117,מערכות הפעלה,3.5,37211021,Label Not Found,84.95,Label Not Found,86.6
38212806,שיטות גרסיה,3.5,"20119321, 37211021, 38212201",Label Not Found,85.83,Label Not Found,88.8
38211201,מודלים סטוכסטיים,3.5,"38211111, 37211021, 20119321",Label Not Found,92.78,Label Not Found,Label Not Found
38213208,מעבדה באיסוף וניהול נתונים,2.0,"38212601, 38213305",82.06,Label Not Found,Label Not Found,89.33
38213203,ויזואליזציה של מידע,3.0,38212601,84.18,Label Not Found,Label Not Found,87.88
38213205,נושאים מתקדמים בלמידה חישובית,4.0,"38212601, 37212051, 38213051",Label Not Found,89.56,Label Not Found,85.68
37214403,ניתוח רשתות חברתיות,3.5,"37212051, 38212601, 38213051",Label Not Found,90.0,88.57,92.83
38214101,למידה עמוקה,4.0,"38212601, 38213051",91.15,Label Not Found,88.56,Label Not Found
38214331,ניתוח סדרות עתיות וכריית תזרימי נתונים,3.5,"38213051, 38212601",85.61,Label Not Found,92.11,Label Not Found
37212303,מימוש מערכות בסיסי נתונים*,3.5,"38213305, 38211111",87.16,Label Not Found,Label Not Found,Label Not Found
38214769,מבוא לעיבוד שפה טבעית,3.5,"37212051, 37211115, 38213051",Label Not Found,89.75,Label Not Found,83.12
38214213,מדעי הנתונים ו atad gib- בתעשייה,2.0,"38213051, 38212601",Label Not Found,97.39,Label Not Found,92.09
20211011,מבוא למדעי המחשב,5.0,,81.56,70.39,73.35,67.42
20215181,עקרונות תכנות מונחה עצמים,3.0,20211011,Label Not Found,84.34,Label Not Found,83.09
20211021,יישומים מתמטיים,1.0,,90.17,97.07,92.83,94.96
37211105,מבוא להנדסת תוכנה,4.0,20211011,Label Not Found,80.57,Label Not Found,85.26
20212031,תכנות מערכות,5.0,"20211011, 20211021",83.4,82.14,85.14,80.5
37213401,ניתוח ועיצוב מערכות להנדסת תוכנה,5.0,"37211105, 20212031",Label Not Found,78.82,Label Not Found,80.81
20213061,מבוא לאימות תוכנה בשיטות פורמאליות,5.0,"20110201, 20212011",Label Not Found,84.53,Label Not Found,90.31
20212081,מעבדה בתכנות מערכות,2.0,20212031,90.88,89.69,91.18,91.98
20213051,יסודות הנדסת תוכנה,3.5,"37213401, 20212031",86.53,Label Not Found,87.21,Label Not Found
20215141,סדנא ליישום פרויקט תוכנה,3.0,"37213401, 20213051",Label Not Found,91.35,Label Not Found,92.92
20210021,מבוא להסתברות,0,,Label Not Found,Label Not Found,Label Not Found,Label Not Found
20211031,מבני נתונים,5.0,20211011,74.23,75.15,79.67,72.59
20212011,מודלים חישוביים,5.0,"20110201, 20211061, 20212041",71.96,69.73,Label Not Found,69.51
20212041,תכנון אלגוריתמים,5.0,"20211031, 20211061, 20210021",74.67,75.37,78.63,71.62
20213021,עקרונות הקומפילציה*,5.0,"20212051, 20212081",82.98,Label Not Found,88.08,Label Not Found
20213081,עקרונות מדעי המחשב*,5.0,"20212011, 20212041, 20112381",77.79,Label Not Found,87.88,Label Not Found
20213101,מבוא ללמידה חישובית*,5.0,"20112381, 20119321",82.75,Label Not Found,87.11,Label Not Found
37213503,מבוא לבינה מלאכותית להנדסת תוכנה **,3.5,"20211031, 20212031",84.77,Label Not Found,89.25,Label Not Found
20213031,מערכות הפעלה,5.0,"20212031, 20212081",Label Not Found,87.15,Label Not Found,87.86
20212051,עקרונות שפות תכנות,5.0,20212031,Label Not Found,86.21,Label Not Found,84.66
20210011,בקיאות במתמטיקה,0.0,,Label Not Found,Label Not Found,Label Not Found,Label Not Found
20112361,"חדו""א א'1 להנדסת תוכנה ומדעי המחשב",5.0,20210011,74.44,75.99,90.0,78.22
20110201,מבוא ללוגיקה ותורת הקבוצות,5.0,,67.55,79.47,76.73,48.58
20211061,מבנים בדידים וקומבינטוריקה,5.0,20110201,71.85,80.69,89.67,70.71
20112371,"חדו""א א'2 להנדסת תוכנה ומדעי המחשב",5.0,20112361,83.71,80.92,86.38,81.78
20112381,הסתברות להנדסת תוכנה,2.5,20112371,Label Not Found,77.59,Label Not Found,85.29
37213071,סטטיסטיקה להנדסת תוכנה,3.5,20112381,84.18,Label Not Found,83.6,Label Not Found
